Workbook

Sheet About
A1: Active state name: | B1: Iowa | C1: 46266 | F1: state_name | G1: state_abbr
A2: Active state code: | B2: =INDEX($G$2:$G$49,MATCH($B$1,$F$2:$F$49,0)) -> IA | F2: Alabama | G2: AL
F3: Arizona | G3: AZ
A4: BDCL — BAU Data Center Load by state (MWh), 2024–2050 | F4: Arkansas | G4: AR
F5: California | G5: CA
A6: Built: 2026-09-01 by outputs/BDCL/_build_bdcl_workbook.py | F6: Colorado | G6: CO
F7: Connecticut | G7: CT
F8: Delaware | G8: DE
A9: SOURCES | F9: Florida | G9: FL
A10: Trajectories (capacity + national energy): | B10: EPRI (February 2026), "Powering Intelligence 2026: Updated Scenarios of U.S. Data Center Electricity Use and Power Strategies," report 3002034696 (Blanford, Wilson, Bistline, Johnson). https://powering-intelligence.epri.com | F10: Georgia | G10: GA
B11: Table 2 staged verbatim: sources/raw/bdcl/epri_pi2026_state_capacity.csv -> EPRI_PI2026 tab. National energy anchors: 184 TWh (2024, p.15; range 177-192) and 383/596/793 TWh (2030 L/M/H, p.17). Beyond-2030 method: fn.19 p.21. Estimates INCLUDE cryptocurrency mining. | F11: Idaho | G11: ID
A12: 2023 DC magnitude (classification only): | B12: EPRI (May 2024), "Powering Intelligence: Analyzing Artificial Intelligence and Data Center Energy Consumption," report 3002028905 — per-state 2023 data-center load (MWh, % of state). https://www.epri.com/research/products/3002028905 | F12: Illinois | G12: IL
A13: Sector classification sales data: | B13: EIA-861 Annual Electric Power Industry Report, Sales to Ultimate Customers, 2018 & 2023 (Bundled + Energy service). https://www.eia.gov/electricity/data/eia861/ (staged: sources/raw/eia861/) | F13: Indiana | G13: IN
A14: Geography: | B14: config/geography/state_to_census_division.csv (48 contiguous states) | F14: Iowa | G14: IA
F15: Kansas | G15: KS
A16: OUTPUTS | F16: Kentucky | G16: KY
A17: BDCL-low / BDCL-mid / BDCL-high: | B17: active-state annual electricity (MWh) 2024-2050; the per-state EPS InputData BDCL CSVs are exported from these tabs. | F17: Louisiana | G17: LA
A18: Consumers: | B18: EPS BDCL input; start-year netting in BCEU commercial (Calcs STEP 7b) and BIFUbC industrial (STEP 12b-DC) via sources/raw/bdcl/bdcl_mid_by_state.csv (regenerate from the MED scenario after any change here). | F18: Maine | G18: ME
F19: Maryland | G19: MD
A20: Methodology: see the Methodology tab and docs/methodology/BDCL.md (§4b-ii). | F20: Massachusetts | G20: MA
A21: Scope: 48 contiguous states. West Virginia has no EPRI-reported data centers -> 0. | F21: Michigan | G21: MI
A22: Status: inputs for staff review — verify against primary sources before external use. | F22: Minnesota | G22: MN
F23: Mississippi | G23: MS
F24: Missouri | G24: MO
F25: Montana | G25: MT
F26: Nebraska | G26: NE
F27: Nevada | G27: NV
F28: New Hampshire | G28: NH
F29: New Jersey | G29: NJ
F30: New Mexico | G30: NM
F31: New York | G31: NY
F32: North Carolina | G32: NC
F33: North Dakota | G33: ND
F34: Ohio | G34: OH
... F49: Wyoming | G49: WY

Sheet Methodology
A1: Methodology
A3: BDCL = business-as-usual data-center electricity load by state and year (MWh), 2024-2050, three scenarios.
A5: 1. SINGLE 2024 BASE (staff decision 2026-07-31). 2024 is historical: all three scenarios share the EPRI
A6: PI-2026 Medium 2024 state capacity (Table 2). The published 2024 Low/High columns reflect variation
A7: across EPRI's data sources, not scenario divergence; they are retained on the raw tab but unused.
A8: Scenarios diverge from 2025 toward their published 2030 endpoints.
A9: 2. CAPACITY PATHS (Calcs STEP 2). Per state and scenario: geometric interpolation from the shared 2024
A10: base to the scenario 2030 endpoint; the implied 2025-2030 annual growth rate then declines by the
A11: Keys decay factor (4) each subsequent 5-year period through 2050 — EPRI's own extension (fn.19 p.21).
A12: 3. NATIONAL ENERGY (Calcs STEP 3). Anchored at 184e6 MWh in 2024 (all scenarios) and the published
A13: 383/596/793e6 MWh in 2030 (L/M/H); interpolated and extended by the same method. EPRI's energy
A14: estimates embed their PUE (1.32 in 2024, declining), 20%/yr capacity ramp, and observed load factors.
... A28: inputs for staff review; verify against the primary sources cited on About before external use.

Sheet Keys
A1: category | B1: key | C1: value | D1: description
A2: energy | B2: e2024_mwh | C2: 184000000 | D2: National DC energy 2024, ALL scenarios (EPRI PI-2026 p.15; central of 177-192 TWh)
A3: energy | B3: e2030_low_mwh | C3: 383000000 | D3: National DC energy 2030, Low (published, p.17)
A4: energy | B4: e2030_med_mwh | C4: 596000000 | D4: National DC energy 2030, Medium (published, p.17)
A5: energy | B5: e2030_high_mwh | C5: 793000000 | D5: National DC energy 2030, High (published, p.17)
A6: method | B6: interp_end_year | C6: 2030 | D6: Last year of the published-endpoint interpolation window (2024->2030)
A7: method | B7: decay_factor | C7: 4 | D7: EPRI fn.19: annual growth rate divides by this each period after interp_end_year
A8: method | B8: decay_period_years | C8: 5 | D8: Length of each post-2030 decay period (years)
A9: class | B9: decisiveness_ratio | C9: 1.3 | D9: DC_classification: industrial growth must exceed this x commercial growth
A10: class | B10: materiality_gate_pct | C10: 0.05 | D10: DC_classification: DC materiality gate, share of state electricity (2023)
A11: class | B11: materiality_gate_gwh | C11: 1000 | D11: DC_classification: DC materiality gate, absolute (GWh, 2023)

Sheet EPRI_PI2026
A1: state | B1: cap_2021_mw | C1: cap_2022_mw | D1: cap_2023_mw | E1: cap_2024_low_mw | F1: cap_2024_med_mw | G1: cap_2024_high_mw | H1: cap_2030_low_mw | I1: cap_2030_med_mw | J1: cap_2030_high_mw
A2: AL | B2: 17 | C2: 167 | D2: 170 | E2: 315 | F2: 353 | G2: 390 | H2: 454 | I2: 780 | J2: 981
A3: AK | B3: 0 | C3: 0 | D3: 0 | E3: 0 | F3: 0 | G3: 0 | H3: 0 | I3: 0 | J3: 0
A4: AR | B4: 0 | C4: 0 | D4: 0 | E4: 8 | F4: 11 | G4: 14 | H4: 8 | I4: 11 | J4: 14
A5: AZ | B5: 472 | C5: 652 | D5: 740 | E5: 1657 | F5: 1864 | G5: 2072 | H5: 2537 | I5: 3853 | J5: 5288
A6: CA | B6: 935 | C6: 1064 | D6: 1227 | E6: 1280 | F6: 1496 | G6: 1712 | H6: 1489 | I6: 2296 | J6: 3225
A7: CO | B7: 92 | C7: 248 | D7: 258 | E7: 170 | F7: 241 | G7: 313 | H7: 333 | I7: 404 | J7: 503
A8: CT | B8: 29 | C8: 30 | D8: 30 | E8: 28 | F8: 29 | G8: 30 | H8: 162 | I8: 243 | J8: 355
A9: DE | B9: 0 | C9: 0 | D9: 0 | E9: 10 | F9: 14 | G9: 17 | H9: 10 | I9: 14 | J9: 17
A10: FL | B10: 80 | C10: 97 | D10: 158 | E10: 184 | F10: 188 | G10: 193 | H10: 342 | I10: 524 | J10: 643
A11: GA | B11: 297 | C11: 789 | D11: 1174 | E11: 1505 | F11: 1774 | G11: 2043 | H11: 3014 | I11: 5358 | J11: 7466
A12: HI | B12: 1 | C12: 1 | D12: 1 | E12: 7 | F12: 8 | G12: 9 | H12: 7 | I12: 9 | J12: 10
A13: ID | B13: 15 | C13: 17 | D13: 17 | E13: 69 | F13: 89 | G13: 109 | H13: 290 | I13: 554 | J13: 689
... A51: US_TOTAL | B51: 10967 | C51: 16537 | D51: 25547 | E51: 35074 | F51: 39774 | G51: 44473 | H51: 56057 | I51: 95862 | J51: 132499
A53: Source: EPRI (February 2026), "Powering Intelligence 2026: Updated Scenarios of U.S. Data Center Electricity Use and Power Strategies," report 3002034696 (Blanford, Wilson, Bistline, Johnson). https://powering-intelligence.epri.com — Table 2, state nominal IT capacity (MW), verbatim; includes small- and large-scale DC and cryptocurrency mining. Transcription notes: IA 2024-High prints "1.866" in the PDF (= 1,866; confirmed by the column sum matching the printed U.S. total exactly); the printed 2023 column is internally inconsistent in the PDF (state cells sum 24,881 vs printed total 25,547; 2021/2022 match exactly) — 2023 is historical context only, not a calculation input. The 2024 LOW/HIGH columns reflect variation across EPRI's data sources and are NOT calculation inputs (single 2024 base = MEDIUM column; see Methodology).

Sheet EPRI_DC_2023
A1: state_name | B1: dc_mwh_2023 | C1: dc_pct_2023
A2: Alabama | B2: 1489200 | C2: 0.0171
A3: Arizona | B3: 6253280 | C3: 0.0743
A4: California | B4: 9313619 | C4: 0.037
A5: Colorado | B5: 1509640 | C5: 0.0266
A6: Connecticut | B6: 262800 | C6: 0.0095
A7: Florida | B7: 1384080 | C7: 0.0056
A8: Georgia | B8: 6175391 | C8: 0.0426
A9: Hawaii | B9: 8760 | C9: 0.0086
A10: Idaho | B10: 148920 | C10: 0.0057
A11: Illinois | B11: 7450176 | C11: 0.0548
A12: Indiana | B12: 192720 | C12: 0.0019
A13: Iowa | B13: 6193320 | C13: 0.1143
... A45: Wyoming | B45: 1857120 | C45: 0.1126
A47: Source: EPRI (May 2024), "Powering Intelligence: Analyzing Artificial Intelligence and Data Center Energy Consumption," report 3002028905 — per-state 2023 data-center load (MWh, % of state). https://www.epri.com/research/products/3002028905 — verbatim from sources/raw/bdcl/epri_dc_by_state_2023.csv. Used ONLY by DC_classification (2023 materiality) and as the historical reference the pre-2026-07-31 BDCL levels were built on. States absent (AR, DE, MS, VT, WV) have no EPRI-reported DC load.

Sheet EIA861_sales
A1: EIA-861 Annual Electric Power Industry Report, Sales to Ultimate Customers, 2018 & 2023 (Bundled + Energy service). https://www.eia.gov/electricity/data/eia861/ (staged: sources/raw/eia861/) — MWh aggregated to GWh by state and sector.
A3: state_abbr | B3: state_name | C3: comm_2018_GWh | D3: comm_2023_GWh | E3: ind_2018_GWh | F3: ind_2023_GWh
A4: AL | B4: Alabama | C4: 23483.1 | D4: 22213.5 | E4: 33717 | F4: 31257.2
A5: AZ | B5: Arizona | C5: 29683.5 | D5: 32619.7 | E5: 13637.7 | F5: 13920.4
A6: AR | B6: Arkansas | C6: 12278.3 | D6: 11694.1 | E6: 18064.8 | F6: 18581
A7: CA | B7: California | C7: 115786.5 | D7: 112935.6 | E7: 49491.4 | F7: 42998.6
A8: CO | B8: Colorado | C8: 21023.3 | D8: 20697.7 | E8: 16047.3 | F8: 14778.8
A9: CT | B9: Connecticut | C9: 12381.1 | D9: 11373.6 | E9: 3210 | F9: 2579.4
A10: DE | B10: Delaware | C10: 4342.3 | D10: 4148.5 | E10: 2360.6 | F10: 1440.3
A11: FL | B11: Florida | C11: 96265.3 | D11: 97255.4 | E11: 16689.1 | F11: 17808.6
A12: GA | B12: Georgia | C12: 47311.7 | D12: 51404.7 | E12: 32695.8 | F12: 32067.5
A13: ID | B13: Idaho | C13: 6436.9 | D13: 6842.1 | E13: 8889 | F13: 9038.6
A14: IL | B14: Illinois | C14: 50762.8 | D14: 45576.3 | E14: 44114.7 | F14: 41267.4
A15: IN | B15: Indiana | C15: 24305.2 | D15: 23016.4 | E15: 42775.4 | F15: 38807.9
... A51: WY | B51: Wyoming | C51: 3757.2 | D51: 5045.9 | E51: 10359.1 | F51: 8796.3

Sheet DC_classification
A1: Data-center sector classification (commercial vs industrial), by state
A2: Data centers are booked to whichever customer class the SERVING UTILITY uses, so SEDS/EIA-861 places DC load in COMMERCIAL (e.g. VA) or INDUSTRIAL (e.g. IA) depending on the state. This table classifies each state so the DC demand adjustment is routed to the matching sector. Rule (thresholds on Keys): INDUSTRIAL only where DC load is material (>= materiality gates, 2023) AND 2018-2023 industrial retail-sales growth is decisively larger (> decisiveness_ratio x) than commercial; every other state is COMMERCIAL (the EIA/CBECS default). The confidence column flags weak growth signals for manual review. Growth cannot isolate DC in restructured / declining-demand states (CA, IL, NY, NJ) or where non-DC industrial growth dominates (TX petrochem); verify those against utility customer-class filings. Inputs for staff review.
A6: state_name | B6: state_abbr | C6: DC_GWh_2023 | D6: DC_%_of_state | E6: comm_growth_18-23_GWh | F6: ind_growth_18-23_GWh | G6: classification | H6: confidence
A7: Alabama | B7: AL | C7: =IFERROR(INDEX(EPRI_DC_2023!$B$2:$B$45,MATCH($A7,EPRI_DC_2023!$A$2:$A$45,0))/1000,0) -> 1489.2 | D7: =IFERROR(INDEX(EPRI_DC_2023!$C$2:$C$45,MATCH($A7,EPRI_DC_2023!$A$2:$A$45,0)),0) -> 0.0171 | E7: =IFERROR(INDEX(EIA861_sales!$D$4:$D$51,MATCH($B7,EIA861_sales!$A$4:$A$51,0))-INDEX(EIA861_sales!$C$4:$C$51,MATCH($B7,EIA861_sales!$A$4:$A$51,0)),"") -> -1269.6 | F7: =IFERROR(INDEX(EIA861_sales!$F$4:$F$51,MATCH($B7,EIA861_sales!$A$4:$A$51,0))-INDEX(EIA861_sales!$E$4:$E$51,MATCH($B7,EIA861_sales!$A$4:$A$51,0)),"") -> -2459.8 | G7: =IFERROR(IF(AND(OR(D7>=Keys!$C$10,C7>=Keys!$C$11),AND(F7>0,F7>Keys!$C$9*E7)),"industrial","commercial"),"commercial") -> commercial | H7: =IF(ISNA(MATCH($A7,EPRI_DC_2023!$A$2:$A$45,0)),"n/a - missing DC data",IFERROR(IF(NOT(OR(D7>=Keys!$C$10,C7>=Keys!$C$11)),"n/a - immaterial",IF(OR(AND(E7>0,E7>Keys!$C$9*F7),AND(F7>0,F7>Keys!$C$9*E7)),"high","LOW - verify")),"n/a - missing DC data")) -> LOW - verify
A8: Arizona | B8: AZ | C8: =IFERROR(INDEX(EPRI_DC_2023!$B$2:$B$45,MATCH($A8,EPRI_DC_2023!$A$2:$A$45,0))/1000,0) -> 6253.28 | D8: =IFERROR(INDEX(EPRI_DC_2023!$C$2:$C$45,MATCH($A8,EPRI_DC_2023!$A$2:$A$45,0)),0) -> 0.0743 | E8: =IFERROR(INDEX(EIA861_sales!$D$4:$D$51,MATCH($B8,EIA861_sales!$A$4:$A$51,0))-INDEX(EIA861_sales!$C$4:$C$51,MATCH($B8,EIA861_sales!$A$4:$A$51,0)),"") -> 2936.2 | F8: =IFERROR(INDEX(EIA861_sales!$F$4:$F$51,MATCH($B8,EIA861_sales!$A$4:$A$51,0))-INDEX(EIA861_sales!$E$4:$E$51,MATCH($B8,EIA861_sales!$A$4:$A$51,0)),"") -> 282.7 | G8: =IFERROR(IF(AND(OR(D8>=Keys!$C$10,C8>=Keys!$C$11),AND(F8>0,F8>Keys!$C$9*E8)),"industrial","commercial"),"commercial") -> commercial | H8: =IF(ISNA(MATCH($A8,EPRI_DC_2023!$A$2:$A$45,0)),"n/a - missing DC data",IFERROR(IF(NOT(OR(D8>=Keys!$C$10,C8>=Keys!$C$11)),"n/a - immaterial",IF(OR(AND(E8>0,E8>Keys!$C$9*F8),AND(F8>0,F8>Keys!$C$9*E8)),"high","LOW - verify")),"n/a - missing DC data")) -> high
A9: Arkansas | B9: AR | C9: =IFERROR(INDEX(EPRI_DC_2023!$B$2:$B$45,MATCH($A9,EPRI_DC_2023!$A$2:$A$45,0))/1000,0) -> 0 | D9: =IFERROR(INDEX(EPRI_DC_2023!$C$2:$C$45,MATCH($A9,EPRI_DC_2023!$A$2:$A$45,0)),0) -> 0 | E9: =IFERROR(INDEX(EIA861_sales!$D$4:$D$51,MATCH($B9,EIA861_sales!$A$4:$A$51,0))-INDEX(EIA861_sales!$C$4:$C$51,MATCH($B9,EIA861_sales!$A$4:$A$51,0)),"") -> -584.2 | F9: =IFERROR(INDEX(EIA861_sales!$F$4:$F$51,MATCH($B9,EIA861_sales!$A$4:$A$51,0))-INDEX(EIA861_sales!$E$4:$E$51,MATCH($B9,EIA861_sales!$A$4:$A$51,0)),"") -> 516.2 | G9: =IFERROR(IF(AND(OR(D9>=Keys!$C$10,C9>=Keys!$C$11),AND(F9>0,F9>Keys!$C$9*E9)),"industrial","commercial"),"commercial") -> commercial | H9: =IF(ISNA(MATCH($A9,EPRI_DC_2023!$A$2:$A$45,0)),"n/a - missing DC data",IFERROR(IF(NOT(OR(D9>=Keys!$C$10,C9>=Keys!$C$11)),"n/a - immaterial",IF(OR(AND(E9>0,E9>Keys!$C$9*F9),AND(F9>0,F9>Keys!$C$9*E9)),"high","LOW - verify")),"n/a - missing DC data")) -> n/a - missing DC data
A10: California | B10: CA | C10: =IFERROR(INDEX(EPRI_DC_2023!$B$2:$B$45,MATCH($A10,EPRI_DC_2023!$A$2:$A$45,0))/1000,0) -> 9313.619 | D10: =IFERROR(INDEX(EPRI_DC_2023!$C$2:$C$45,MATCH($A10,EPRI_DC_2023!$A$2:$A$45,0)),0) -> 0.037 | E10: =IFERROR(INDEX(EIA861_sales!$D$4:$D$51,MATCH($B10,EIA861_sales!$A$4:$A$51,0))-INDEX(EIA861_sales!$C$4:$C$51,MATCH($B10,EIA861_sales!$A$4:$A$51,0)),"") -> -2850.9 | F10: =IFERROR(INDEX(EIA861_sales!$F$4:$F$51,MATCH($B10,EIA861_sales!$A$4:$A$51,0))-INDEX(EIA861_sales!$E$4:$E$51,MATCH($B10,EIA861_sales!$A$4:$A$51,0)),"") -> -6492.8 | G10: =IFERROR(IF(AND(OR(D10>=Keys!$C$10,C10>=Keys!$C$11),AND(F10>0,F10>Keys!$C$9*E10)),"industrial","commercial"),"commercial") -> commercial | H10: =IF(ISNA(MATCH($A10,EPRI_DC_2023!$A$2:$A$45,0)),"n/a - missing DC data",IFERROR(IF(NOT(OR(D10>=Keys!$C$10,C10>=Keys!$C$11)),"n/a - immaterial",IF(OR(AND(E10>0,E10>Keys!$C$9*F10),AND(F10>0,F10>Keys!$C$9*E10)),"high","LOW - verify")),"n/a - missing DC data")) -> LOW - verify
A11: Colorado | B11: CO | C11: =IFERROR(INDEX(EPRI_DC_2023!$B$2:$B$45,MATCH($A11,EPRI_DC_2023!$A$2:$A$45,0))/1000,0) -> 1509.64 | D11: =IFERROR(INDEX(EPRI_DC_2023!$C$2:$C$45,MATCH($A11,EPRI_DC_2023!$A$2:$A$45,0)),0) -> 0.0266 | E11: =IFERROR(INDEX(EIA861_sales!$D$4:$D$51,MATCH($B11,EIA861_sales!$A$4:$A$51,0))-INDEX(EIA861_sales!$C$4:$C$51,MATCH($B11,EIA861_sales!$A$4:$A$51,0)),"") -> -325.6 | F11: =IFERROR(INDEX(EIA861_sales!$F$4:$F$51,MATCH($B11,EIA861_sales!$A$4:$A$51,0))-INDEX(EIA861_sales!$E$4:$E$51,MATCH($B11,EIA861_sales!$A$4:$A$51,0)),"") -> -1268.5 | G11: =IFERROR(IF(AND(OR(D11>=Keys!$C$10,C11>=Keys!$C$11),AND(F11>0,F11>Keys!$C$9*E11)),"industrial","commercial"),"commercial") -> commercial | H11: =IF(ISNA(MATCH($A11,EPRI_DC_2023!$A$2:$A$45,0)),"n/a - missing DC data",IFERROR(IF(NOT(OR(D11>=Keys!$C$10,C11>=Keys!$C$11)),"n/a - immaterial",IF(OR(AND(E11>0,E11>Keys!$C$9*F11),AND(F11>0,F11>Keys!$C$9*E11)),"high","LOW - verify")),"n/a - missing DC data")) -> LOW - verify
A12: Connecticut | B12: CT | C12: =IFERROR(INDEX(EPRI_DC_2023!$B$2:$B$45,MATCH($A12,EPRI_DC_2023!$A$2:$A$45,0))/1000,0) -> 262.8 | D12: =IFERROR(INDEX(EPRI_DC_2023!$C$2:$C$45,MATCH($A12,EPRI_DC_2023!$A$2:$A$45,0)),0) -> 0.0095 | E12: =IFERROR(INDEX(EIA861_sales!$D$4:$D$51,MATCH($B12,EIA861_sales!$A$4:$A$51,0))-INDEX(EIA861_sales!$C$4:$C$51,MATCH($B12,EIA861_sales!$A$4:$A$51,0)),"") -> -1007.5 | F12: =IFERROR(INDEX(EIA861_sales!$F$4:$F$51,MATCH($B12,EIA861_sales!$A$4:$A$51,0))-INDEX(EIA861_sales!$E$4:$E$51,MATCH($B12,EIA861_sales!$A$4:$A$51,0)),"") -> -630.6 | G12: =IFERROR(IF(AND(OR(D12>=Keys!$C$10,C12>=Keys!$C$11),AND(F12>0,F12>Keys!$C$9*E12)),"industrial","commercial"),"commercial") -> commercial | H12: =IF(ISNA(MATCH($A12,EPRI_DC_2023!$A$2:$A$45,0)),"n/a - missing DC data",IFERROR(IF(NOT(OR(D12>=Keys!$C$10,C12>=Keys!$C$11)),"n/a - immaterial",IF(OR(AND(E12>0,E12>Keys!$C$9*F12),AND(F12>0,F12>Keys!$C$9*E12)),"high","LOW - verify")),"n/a - missing DC data")) -> n/a - immaterial
A13: Delaware | B13: DE | C13: =IFERROR(INDEX(EPRI_DC_2023!$B$2:$B$45,MATCH($A13,EPRI_DC_2023!$A$2:$A$45,0))/1000,0) -> 0 | D13: =IFERROR(INDEX(EPRI_DC_2023!$C$2:$C$45,MATCH($A13,EPRI_DC_2023!$A$2:$A$45,0)),0) -> 0 | E13: =IFERROR(INDEX(EIA861_sales!$D$4:$D$51,MATCH($B13,EIA861_sales!$A$4:$A$51,0))-INDEX(EIA861_sales!$C$4:$C$51,MATCH($B13,EIA861_sales!$A$4:$A$51,0)),"") -> -193.8 | F13: =IFERROR(INDEX(EIA861_sales!$F$4:$F$51,MATCH($B13,EIA861_sales!$A$4:$A$51,0))-INDEX(EIA861_sales!$E$4:$E$51,MATCH($B13,EIA861_sales!$A$4:$A$51,0)),"") -> -920.3 | G13: =IFERROR(IF(AND(OR(D13>=Keys!$C$10,C13>=Keys!$C$11),AND(F13>0,F13>Keys!$C$9*E13)),"industrial","commercial"),"commercial") -> commercial | H13: =IF(ISNA(MATCH($A13,EPRI_DC_2023!$A$2:$A$45,0)),"n/a - missing DC data",IFERROR(IF(NOT(OR(D13>=Keys!$C$10,C13>=Keys!$C$11)),"n/a - immaterial",IF(OR(AND(E13>0,E13>Keys!$C$9*F13),AND(F13>0,F13>Keys!$C$9*E13)),"high","LOW - verify")),"n/a - missing DC data")) -> n/a - missing DC data
A14: Florida | B14: FL | C14: =IFERROR(INDEX(EPRI_DC_2023!$B$2:$B$45,MATCH($A14,EPRI_DC_2023!$A$2:$A$45,0))/1000,0) -> 1384.08 | D14: =IFERROR(INDEX(EPRI_DC_2023!$C$2:$C$45,MATCH($A14,EPRI_DC_2023!$A$2:$A$45,0)),0) -> 0.0056 | E14: =IFERROR(INDEX(EIA861_sales!$D$4:$D$51,MATCH($B14,EIA861_sales!$A$4:$A$51,0))-INDEX(EIA861_sales!$C$4:$C$51,MATCH($B14,EIA861_sales!$A$4:$A$51,0)),"") -> 990.1 | F14: =IFERROR(INDEX(EIA861_sales!$F$4:$F$51,MATCH($B14,EIA861_sales!$A$4:$A$51,0))-INDEX(EIA861_sales!$E$4:$E$51,MATCH($B14,EIA861_sales!$A$4:$A$51,0)),"") -> 1119.5 | G14: =IFERROR(IF(AND(OR(D14>=Keys!$C$10,C14>=Keys!$C$11),AND(F14>0,F14>Keys!$C$9*E14)),"industrial","commercial"),"commercial") -> commercial | H14: =IF(ISNA(MATCH($A14,EPRI_DC_2023!$A$2:$A$45,0)),"n/a - missing DC data",IFERROR(IF(NOT(OR(D14>=Keys!$C$10,C14>=Keys!$C$11)),"n/a - immaterial",IF(OR(AND(E14>0,E14>Keys!$C$9*F14),AND(F14>0,F14>Keys!$C$9*E14)),"high","LOW - verify")),"n/a - missing DC data")) -> LOW - verify
A15: Georgia | B15: GA | C15: =IFERROR(INDEX(EPRI_DC_2023!$B$2:$B$45,MATCH($A15,EPRI_DC_2023!$A$2:$A$45,0))/1000,0) -> 6175.391 | D15: =IFERROR(INDEX(EPRI_DC_2023!$C$2:$C$45,MATCH($A15,EPRI_DC_2023!$A$2:$A$45,0)),0) -> 0.0426 | E15: =IFERROR(INDEX(EIA861_sales!$D$4:$D$51,MATCH($B15,EIA861_sales!$A$4:$A$51,0))-INDEX(EIA861_sales!$C$4:$C$51,MATCH($B15,EIA861_sales!$A$4:$A$51,0)),"") -> 4093 | F15: =IFERROR(INDEX(EIA861_sales!$F$4:$F$51,MATCH($B15,EIA861_sales!$A$4:$A$51,0))-INDEX(EIA861_sales!$E$4:$E$51,MATCH($B15,EIA861_sales!$A$4:$A$51,0)),"") -> -628.3 | G15: =IFERROR(IF(AND(OR(D15>=Keys!$C$10,C15>=Keys!$C$11),AND(F15>0,F15>Keys!$C$9*E15)),"industrial","commercial"),"commercial") -> commercial | H15: =IF(ISNA(MATCH($A15,EPRI_DC_2023!$A$2:$A$45,0)),"n/a - missing DC data",IFERROR(IF(NOT(OR(D15>=Keys!$C$10,C15>=Keys!$C$11)),"n/a - immaterial",IF(OR(AND(E15>0,E15>Keys!$C$9*F15),AND(F15>0,F15>Keys!$C$9*E15)),"high","LOW - verify")),"n/a - missing DC data")) -> high
A16: Idaho | B16: ID | C16: =IFERROR(INDEX(EPRI_DC_2023!$B$2:$B$45,MATCH($A16,EPRI_DC_2023!$A$2:$A$45,0))/1000,0) -> 148.92 | D16: =IFERROR(INDEX(EPRI_DC_2023!$C$2:$C$45,MATCH($A16,EPRI_DC_2023!$A$2:$A$45,0)),0) -> 0.0057 | E16: =IFERROR(INDEX(EIA861_sales!$D$4:$D$51,MATCH($B16,EIA861_sales!$A$4:$A$51,0))-INDEX(EIA861_sales!$C$4:$C$51,MATCH($B16,EIA861_sales!$A$4:$A$51,0)),"") -> 405.2 | F16: =IFERROR(INDEX(EIA861_sales!$F$4:$F$51,MATCH($B16,EIA861_sales!$A$4:$A$51,0))-INDEX(EIA861_sales!$E$4:$E$51,MATCH($B16,EIA861_sales!$A$4:$A$51,0)),"") -> 149.6 | G16: =IFERROR(IF(AND(OR(D16>=Keys!$C$10,C16>=Keys!$C$11),AND(F16>0,F16>Keys!$C$9*E16)),"industrial","commercial"),"commercial") -> commercial | H16: =IF(ISNA(MATCH($A16,EPRI_DC_2023!$A$2:$A$45,0)),"n/a - missing DC data",IFERROR(IF(NOT(OR(D16>=Keys!$C$10,C16>=Keys!$C$11)),"n/a - immaterial",IF(OR(AND(E16>0,E16>Keys!$C$9*F16),AND(F16>0,F16>Keys!$C$9*E16)),"high","LOW - verify")),"n/a - missing DC data")) -> n/a - immaterial
A17: Illinois | B17: IL | C17: =IFERROR(INDEX(EPRI_DC_2023!$B$2:$B$45,MATCH($A17,EPRI_DC_2023!$A$2:$A$45,0))/1000,0) -> 7450.176 | D17: =IFERROR(INDEX(EPRI_DC_2023!$C$2:$C$45,MATCH($A17,EPRI_DC_2023!$A$2:$A$45,0)),0) -> 0.0548 | E17: =IFERROR(INDEX(EIA861_sales!$D$4:$D$51,MATCH($B17,EIA861_sales!$A$4:$A$51,0))-INDEX(EIA861_sales!$C$4:$C$51,MATCH($B17,EIA861_sales!$A$4:$A$51,0)),"") -> -5186.5 | F17: =IFERROR(INDEX(EIA861_sales!$F$4:$F$51,MATCH($B17,EIA861_sales!$A$4:$A$51,0))-INDEX(EIA861_sales!$E$4:$E$51,MATCH($B17,EIA861_sales!$A$4:$A$51,0)),"") -> -2847.3 | G17: =IFERROR(IF(AND(OR(D17>=Keys!$C$10,C17>=Keys!$C$11),AND(F17>0,F17>Keys!$C$9*E17)),"industrial","commercial"),"commercial") -> commercial | H17: =IF(ISNA(MATCH($A17,EPRI_DC_2023!$A$2:$A$45,0)),"n/a - missing DC data",IFERROR(IF(NOT(OR(D17>=Keys!$C$10,C17>=Keys!$C$11)),"n/a - immaterial",IF(OR(AND(E17>0,E17>Keys!$C$9*F17),AND(F17>0,F17>Keys!$C$9*E17)),"high","LOW - verify")),"n/a - missing DC data")) -> LOW - verify
A18: Indiana | B18: IN | C18: =IFERROR(INDEX(EPRI_DC_2023!$B$2:$B$45,MATCH($A18,EPRI_DC_2023!$A$2:$A$45,0))/1000,0) -> 192.72 | D18: =IFERROR(INDEX(EPRI_DC_2023!$C$2:$C$45,MATCH($A18,EPRI_DC_2023!$A$2:$A$45,0)),0) -> 0.0019 | E18: =IFERROR(INDEX(EIA861_sales!$D$4:$D$51,MATCH($B18,EIA861_sales!$A$4:$A$51,0))-INDEX(EIA861_sales!$C$4:$C$51,MATCH($B18,EIA861_sales!$A$4:$A$51,0)),"") -> -1288.8 | F18: =IFERROR(INDEX(EIA861_sales!$F$4:$F$51,MATCH($B18,EIA861_sales!$A$4:$A$51,0))-INDEX(EIA861_sales!$E$4:$E$51,MATCH($B18,EIA861_sales!$A$4:$A$51,0)),"") -> -3967.5 | G18: =IFERROR(IF(AND(OR(D18>=Keys!$C$10,C18>=Keys!$C$11),AND(F18>0,F18>Keys!$C$9*E18)),"industrial","commercial"),"commercial") -> commercial | H18: =IF(ISNA(MATCH($A18,EPRI_DC_2023!$A$2:$A$45,0)),"n/a - missing DC data",IFERROR(IF(NOT(OR(D18>=Keys!$C$10,C18>=Keys!$C$11)),"n/a - immaterial",IF(OR(AND(E18>0,E18>Keys!$C$9*F18),AND(F18>0,F18>Keys!$C$9*E18)),"high","LOW - verify")),"n/a - missing DC data")) -> n/a - immaterial
... A54: Wyoming | B54: WY | C54: =IFERROR(INDEX(EPRI_DC_2023!$B$2:$B$45,MATCH($A54,EPRI_DC_2023!$A$2:$A$45,0))/1000,0) -> 1857.12 | D54: =IFERROR(INDEX(EPRI_DC_2023!$C$2:$C$45,MATCH($A54,EPRI_DC_2023!$A$2:$A$45,0)),0) -> 0.1126 | E54: =IFERROR(INDEX(EIA861_sales!$D$4:$D$51,MATCH($B54,EIA861_sales!$A$4:$A$51,0))-INDEX(EIA861_sales!$C$4:$C$51,MATCH($B54,EIA861_sales!$A$4:$A$51,0)),"") -> 1288.7 | F54: =IFERROR(INDEX(EIA861_sales!$F$4:$F$51,MATCH($B54,EIA861_sales!$A$4:$A$51,0))-INDEX(EIA861_sales!$E$4:$E$51,MATCH($B54,EIA861_sales!$A$4:$A$51,0)),"") -> -1562.8 | G54: =IFERROR(IF(AND(OR(D54>=Keys!$C$10,C54>=Keys!$C$11),AND(F54>0,F54>Keys!$C$9*E54)),"industrial","commercial"),"commercial") -> commercial | H54: =IF(ISNA(MATCH($A54,EPRI_DC_2023!$A$2:$A$45,0)),"n/a - missing DC data",IFERROR(IF(NOT(OR(D54>=Keys!$C$10,C54>=Keys!$C$11)),"n/a - immaterial",IF(OR(AND(E54>0,E54>Keys!$C$9*F54),AND(F54>0,F54>Keys!$C$9*E54)),"high","LOW - verify")),"n/a - missing DC data")) -> high

Sheet State Policies
A1: Policy | B1: State | C1: Year Enacted | D1: Updated policy notes | E1: Data Center Growth Limitation | F1: State Abbreviation | G1: Policy Status | H1: Description | I1: category | J1: latest policy link | K1: latest policy name | L1: latest policy year | M1: eps file name short | N1: eps file name long | O1: eps file notes | P1: new state policy | Q1: policy type previously modeled | R1: new cxc policy type | S1: downscaled policy | T1: update action
A2: Data Center Bans and Moratoriums | B2: New York | C2: 2026 | D2: Data center state permit moratorium for maximum 1 year following executive order. Data centers are operational ~2 years post permit -> data center growth = 0 for the year 2028 | E2: 0% 2028 | F2: NY | G2: enacted | H2: Executive Order No. 62 establishes a one-year statewide moratorium on discretionary permits for new hyperscale data centers while the state develops environmental review standards (a Generic Environmental Impact Statement) and a Community Investment Framework. | I2: Buildings & Efficiency | J2: https://www.governor.ny.gov/news/first-statewide-moratorium-new-hyperscale-data-centers-launched-governor-kathy-hochul | K2: Executive Order No. 62: Temporary Moratorium on New Hyperscale Data Centers | L2: 2026 | M2: BDCL | N2: BAU Data Center Load | O2: Not tracked by CXC | P2: Y | Q2: Y | R2: Y | S2: N | T2: possible action, new policy type

Sheet State Calculations
B1: =About!B1 -> Iowa
B2: =About!B2 -> IA
B4: 2024 | C4: 2025 | D4: 2026 | E4: 2027 | F4: 2028 | G4: 2029 | H4: 2030 | I4: 2031 | J4: 2032 | K4: 2033 | L4: 2034 | M4: 2035 | N4: 2036 | O4: 2037 | P4: 2038 | Q4: 2039 | R4: 2040 | S4: 2041 | T4: 2042 | U4: 2043 | V4: 2044 | W4: 2045 | X4: 2046 | Y4: 2047 | Z4: 2048 | AA4: 2049 | AB4: 2050
A5: Policy Growth Rate | B5: =IFERROR(IF(VALUE(INDEX($F$8:$F$100,MATCH($B$2,$C$8:$C$100,0)))=B4,INDEX($E$8:$E$100,MATCH($B$2,$C$8:$C$100,0)),IFERROR(IF(VALUE(INDEX($I$8:$I$100,MATCH($B$2,$C$8:$C$100,0)))=B4,INDEX($H$8:$H$100,MATCH($B$2,$C$8:$C$100,0)),""),"")),"") | C5: =IFERROR(IF(VALUE(INDEX($F$8:$F$100,MATCH($B$2,$C$8:$C$100,0)))=C4,INDEX($E$8:$E$100,MATCH($B$2,$C$8:$C$100,0)),IFERROR(IF(VALUE(INDEX($I$8:$I$100,MATCH($B$2,$C$8:$C$100,0)))=C4,INDEX($H$8:$H$100,MATCH($B$2,$C$8:$C$100,0)),""),"")),"") | D5: =IFERROR(IF(VALUE(INDEX($F$8:$F$100,MATCH($B$2,$C$8:$C$100,0)))=D4,INDEX($E$8:$E$100,MATCH($B$2,$C$8:$C$100,0)),IFERROR(IF(VALUE(INDEX($I$8:$I$100,MATCH($B$2,$C$8:$C$100,0)))=D4,INDEX($H$8:$H$100,MATCH($B$2,$C$8:$C$100,0)),""),"")),"") | E5: =IFERROR(IF(VALUE(INDEX($F$8:$F$100,MATCH($B$2,$C$8:$C$100,0)))=E4,INDEX($E$8:$E$100,MATCH($B$2,$C$8:$C$100,0)),IFERROR(IF(VALUE(INDEX($I$8:$I$100,MATCH($B$2,$C$8:$C$100,0)))=E4,INDEX($H$8:$H$100,MATCH($B$2,$C$8:$C$100,0)),""),"")),"") | F5: =IFERROR(IF(VALUE(INDEX($F$8:$F$100,MATCH($B$2,$C$8:$C$100,0)))=F4,INDEX($E$8:$E$100,MATCH($B$2,$C$8:$C$100,0)),IFERROR(IF(VALUE(INDEX($I$8:$I$100,MATCH($B$2,$C$8:$C$100,0)))=F4,INDEX($H$8:$H$100,MATCH($B$2,$C$8:$C$100,0)),""),"")),"") | G5: =IFERROR(IF(VALUE(INDEX($F$8:$F$100,MATCH($B$2,$C$8:$C$100,0)))=G4,INDEX($E$8:$E$100,MATCH($B$2,$C$8:$C$100,0)),IFERROR(IF(VALUE(INDEX($I$8:$I$100,MATCH($B$2,$C$8:$C$100,0)))=G4,INDEX($H$8:$H$100,MATCH($B$2,$C$8:$C$100,0)),""),"")),"") | H5: =IFERROR(IF(VALUE(INDEX($F$8:$F$100,MATCH($B$2,$C$8:$C$100,0)))=H4,INDEX($E$8:$E$100,MATCH($B$2,$C$8:$C$100,0)),IFERROR(IF(VALUE(INDEX($I$8:$I$100,MATCH($B$2,$C$8:$C$100,0)))=H4,INDEX($H$8:$H$100,MATCH($B$2,$C$8:$C$100,0)),""),"")),"") | I5: =IFERROR(IF(VALUE(INDEX($F$8:$F$100,MATCH($B$2,$C$8:$C$100,0)))=I4,INDEX($E$8:$E$100,MATCH($B$2,$C$8:$C$100,0)),IFERROR(IF(VALUE(INDEX($I$8:$I$100,MATCH($B$2,$C$8:$C$100,0)))=I4,INDEX($H$8:$H$100,MATCH($B$2,$C$8:$C$100,0)),""),"")),"") | ... AB5: =IFERROR(IF(VALUE(INDEX($F$8:$F$100,MATCH($B$2,$C$8:$C$100,0)))=AB4,INDEX($E$8:$E$100,MATCH($B$2,$C$8:$C$100,0)),IFERROR(IF(VALUE(INDEX($I$8:$I$100,MATCH($B$2,$C$8:$C$100,0)))=AB4,INDEX($H$8:$H$100,MATCH($B$2,$C$8:$C$100,0)),""),"")),"")
A8: State | B8: Data Center Growth Limitation | D8: Growth Rate 1 | E8: Value 1 | F8: Year 1 | G8: Growth Rate 2 | H8: Value 2 | I8: Year 2
A9: =IF(ISBLANK('State Policies'!B2),"",'State Policies'!B2) -> New York | B9: =IF(ISBLANK('State Policies'!E2),"",'State Policies'!E2) -> 0% 2028 | C9: =IF(ISBLANK('State Policies'!F2),"",'State Policies'!F2) -> NY | D9: =IF($B9="","",IFERROR(INDEX(_xlfn.TEXTSPLIT($B9,";"),1,1),"")) -> 0% 2028 | E9: =IF($D9="","",IFERROR(INDEX(_xlfn.TEXTSPLIT($D9,"% "),1,1)/100,"")) -> 0 | F9: =IF($D9="","",IFERROR(VALUE(INDEX(_xlfn.TEXTSPLIT($D9,"% "),1,2)),"")) -> 2028 | G9: =IF($B9="","",IFERROR(INDEX(_xlfn.TEXTSPLIT($B9,";"),1,2),"")) | H9: =IF($G9="","",IFERROR(INDEX(_xlfn.TEXTSPLIT($G9,"% "),1,1)/100,"")) | I9: =IF($G9="","",IFERROR(VALUE(INDEX(_xlfn.TEXTSPLIT($G9,"% "),1,2)),""))

Sheet Calcs
A1: Calcs — every value traces to EPRI_PI2026 / Keys by cell reference. Grid rows cover all 48 states (WV resolves to 0 via IFERROR: no EPRI Table 2 row).
A3: STEP 1 — Active state
A4: name: | B4: =About!$B$1 -> Iowa
A5: code: | B5: =About!$B$2 -> IA
A7: STEP 2L — LOW capacity path (MW): single 2024 base (raw col F = 2024 MEDIUM) -> scenario 2030 endpoint (raw col H), geometric; then growth / decay_factor per decay_period after interp_end (Keys).
A8: state \ year | B8: 2024 | C8: 2025 | D8: 2026 | E8: 2027 | F8: 2028 | G8: 2029 | H8: 2030 | I8: 2031 | J8: 2032 | K8: 2033 | L8: 2034 | M8: 2035 | N8: 2036 | O8: 2037 | P8: 2038 | Q8: 2039 | R8: 2040 | S8: 2041 | T8: 2042 | U8: 2043 | V8: 2044 | W8: 2045 | X8: 2046 | Y8: 2047 | Z8: 2048 | AA8: 2049 | AB8: 2050 | AC8: g (2025-30 annual)
A9: AL | B9: =IFERROR(EPRI_PI2026!$F$2,0) -> 353 | C9: =B9*(1+$AC9) -> 368.119 | D9: =C9*(1+$AC9) -> 383.88554 | E9: =D9*(1+$AC9) -> 400.32737 | F9: =E9*(1+$AC9) -> 417.47339 | G9: =F9*(1+$AC9) -> 435.35379 | H9: =G9*(1+$AC9) -> 454 | I9: =H9*(1+$AC9/Keys!$C$7^ROUNDUP((I$8-Keys!$C$6)/Keys!$C$8,0)) -> 458.86121 | J9: =I9*(1+$AC9/Keys!$C$7^ROUNDUP((J$8-Keys!$C$6)/Keys!$C$8,0)) -> 463.77447 | K9: =J9*(1+$AC9/Keys!$C$7^ROUNDUP((K$8-Keys!$C$6)/Keys!$C$8,0)) -> 468.74033 | L9: =K9*(1+$AC9/Keys!$C$7^ROUNDUP((L$8-Keys!$C$6)/Keys!$C$8,0)) -> 473.75937 | M9: =L9*(1+$AC9/Keys!$C$7^ROUNDUP((M$8-Keys!$C$6)/Keys!$C$8,0)) -> 478.83215 | N9: =M9*(1+$AC9/Keys!$C$7^ROUNDUP((N$8-Keys!$C$6)/Keys!$C$8,0)) -> 480.11393 | O9: =N9*(1+$AC9/Keys!$C$7^ROUNDUP((O$8-Keys!$C$6)/Keys!$C$8,0)) -> 481.39913 | P9: =O9*(1+$AC9/Keys!$C$7^ROUNDUP((P$8-Keys!$C$6)/Keys!$C$8,0)) -> 482.68778 | ... AB9: =AA9*(1+$AC9/Keys!$C$7^ROUNDUP((AB$8-Keys!$C$6)/Keys!$C$8,0)) -> 487.30882 | AC9: =IFERROR((EPRI_PI2026!$H$2/EPRI_PI2026!$F$2)^(1/6)-1,0) -> 0.04283002
A10: AZ | B10: =IFERROR(EPRI_PI2026!$F$5,0) -> 1864 | C10: =B10*(1+$AC10) -> 1962.2681 | D10: =C10*(1+$AC10) -> 2065.7167 | E10: =D10*(1+$AC10) -> 2174.619 | F10: =E10*(1+$AC10) -> 2289.2626 | G10: =F10*(1+$AC10) -> 2409.95 | H10: =G10*(1+$AC10) -> 2537 | I10: =H10*(1+$AC10/Keys!$C$7^ROUNDUP((I$8-Keys!$C$6)/Keys!$C$8,0)) -> 2570.437 | J10: =I10*(1+$AC10/Keys!$C$7^ROUNDUP((J$8-Keys!$C$6)/Keys!$C$8,0)) -> 2604.3146 | K10: =J10*(1+$AC10/Keys!$C$7^ROUNDUP((K$8-Keys!$C$6)/Keys!$C$8,0)) -> 2638.6388 | L10: =K10*(1+$AC10/Keys!$C$7^ROUNDUP((L$8-Keys!$C$6)/Keys!$C$8,0)) -> 2673.4153 | M10: =L10*(1+$AC10/Keys!$C$7^ROUNDUP((M$8-Keys!$C$6)/Keys!$C$8,0)) -> 2708.6502 | N10: =M10*(1+$AC10/Keys!$C$7^ROUNDUP((N$8-Keys!$C$6)/Keys!$C$8,0)) -> 2717.575 | O10: =N10*(1+$AC10/Keys!$C$7^ROUNDUP((O$8-Keys!$C$6)/Keys!$C$8,0)) -> 2726.5293 | P10: =O10*(1+$AC10/Keys!$C$7^ROUNDUP((P$8-Keys!$C$6)/Keys!$C$8,0)) -> 2735.513 | ... AB10: =AA10*(1+$AC10/Keys!$C$7^ROUNDUP((AB$8-Keys!$C$6)/Keys!$C$8,0)) -> 2767.7772 | AC10: =IFERROR((EPRI_PI2026!$H$5/EPRI_PI2026!$F$5)^(1/6)-1,0) -> 0.052718916
A11: AR | B11: =IFERROR(EPRI_PI2026!$F$4,0) -> 11 | C11: =B11*(1+$AC11) -> 10.431391 | D11: =C11*(1+$AC11) -> 9.8921749 | E11: =D11*(1+$AC11) -> 9.3808315 | F11: =E11*(1+$AC11) -> 8.8959204 | G11: =F11*(1+$AC11) -> 8.4360751 | H11: =G11*(1+$AC11) -> 8 | I11: =H11*(1+$AC11/Keys!$C$7^ROUNDUP((I$8-Keys!$C$6)/Keys!$C$8,0)) -> 7.8966166 | J11: =I11*(1+$AC11/Keys!$C$7^ROUNDUP((J$8-Keys!$C$6)/Keys!$C$8,0)) -> 7.7945692 | K11: =J11*(1+$AC11/Keys!$C$7^ROUNDUP((K$8-Keys!$C$6)/Keys!$C$8,0)) -> 7.6938406 | L11: =K11*(1+$AC11/Keys!$C$7^ROUNDUP((L$8-Keys!$C$6)/Keys!$C$8,0)) -> 7.5944136 | M11: =L11*(1+$AC11/Keys!$C$7^ROUNDUP((M$8-Keys!$C$6)/Keys!$C$8,0)) -> 7.4962716 | N11: =M11*(1+$AC11/Keys!$C$7^ROUNDUP((N$8-Keys!$C$6)/Keys!$C$8,0)) -> 7.4720532 | O11: =N11*(1+$AC11/Keys!$C$7^ROUNDUP((O$8-Keys!$C$6)/Keys!$C$8,0)) -> 7.447913 | P11: =O11*(1+$AC11/Keys!$C$7^ROUNDUP((P$8-Keys!$C$6)/Keys!$C$8,0)) -> 7.4238507 | ... AB11: =AA11*(1+$AC11/Keys!$C$7^ROUNDUP((AB$8-Keys!$C$6)/Keys!$C$8,0)) -> 7.3388064 | AC11: =IFERROR((EPRI_PI2026!$H$4/EPRI_PI2026!$F$4)^(1/6)-1,0) -> -0.051691703
A12: CA | B12: =IFERROR(EPRI_PI2026!$F$6,0) -> 1496 | C12: =B12*(1+$AC12) -> 1494.8311 | D12: =C12*(1+$AC12) -> 1493.663 | E12: =D12*(1+$AC12) -> 1492.4959 | F12: =E12*(1+$AC12) -> 1491.3297 | G12: =F12*(1+$AC12) -> 1490.1644 | H12: =G12*(1+$AC12) -> 1489 | I12: =H12*(1+$AC12/Keys!$C$7^ROUNDUP((I$8-Keys!$C$6)/Keys!$C$8,0)) -> 1488.7091 | J12: =I12*(1+$AC12/Keys!$C$7^ROUNDUP((J$8-Keys!$C$6)/Keys!$C$8,0)) -> 1488.4183 | K12: =J12*(1+$AC12/Keys!$C$7^ROUNDUP((K$8-Keys!$C$6)/Keys!$C$8,0)) -> 1488.1276 | L12: =K12*(1+$AC12/Keys!$C$7^ROUNDUP((L$8-Keys!$C$6)/Keys!$C$8,0)) -> 1487.8369 | M12: =L12*(1+$AC12/Keys!$C$7^ROUNDUP((M$8-Keys!$C$6)/Keys!$C$8,0)) -> 1487.5462 | N12: =M12*(1+$AC12/Keys!$C$7^ROUNDUP((N$8-Keys!$C$6)/Keys!$C$8,0)) -> 1487.4736 | O12: =N12*(1+$AC12/Keys!$C$7^ROUNDUP((O$8-Keys!$C$6)/Keys!$C$8,0)) -> 1487.4009 | P12: =O12*(1+$AC12/Keys!$C$7^ROUNDUP((P$8-Keys!$C$6)/Keys!$C$8,0)) -> 1487.3283 | ... AB12: =AA12*(1+$AC12/Keys!$C$7^ROUNDUP((AB$8-Keys!$C$6)/Keys!$C$8,0)) -> 1487.0695 | AC12: =IFERROR((EPRI_PI2026!$H$6/EPRI_PI2026!$F$6)^(1/6)-1,0) -> -0.0007813822
A13: CO | B13: =IFERROR(EPRI_PI2026!$F$7,0) -> 241 | C13: =B13*(1+$AC13) -> 254.34405 | D13: =C13*(1+$AC13) -> 268.42694 | E13: =D13*(1+$AC13) -> 283.2896 | F13: =E13*(1+$AC13) -> 298.9752 | G13: =F13*(1+$AC13) -> 315.52931 | H13: =G13*(1+$AC13) -> 333 | I13: =H13*(1+$AC13/Keys!$C$7^ROUNDUP((I$8-Keys!$C$6)/Keys!$C$8,0)) -> 337.60951 | J13: =I13*(1+$AC13/Keys!$C$7^ROUNDUP((J$8-Keys!$C$6)/Keys!$C$8,0)) -> 342.28283 | K13: =J13*(1+$AC13/Keys!$C$7^ROUNDUP((K$8-Keys!$C$6)/Keys!$C$8,0)) -> 347.02083 | L13: =K13*(1+$AC13/Keys!$C$7^ROUNDUP((L$8-Keys!$C$6)/Keys!$C$8,0)) -> 351.82442 | M13: =L13*(1+$AC13/Keys!$C$7^ROUNDUP((M$8-Keys!$C$6)/Keys!$C$8,0)) -> 356.69451 | N13: =M13*(1+$AC13/Keys!$C$7^ROUNDUP((N$8-Keys!$C$6)/Keys!$C$8,0)) -> 357.92888 | O13: =N13*(1+$AC13/Keys!$C$7^ROUNDUP((O$8-Keys!$C$6)/Keys!$C$8,0)) -> 359.16753 | P13: =O13*(1+$AC13/Keys!$C$7^ROUNDUP((P$8-Keys!$C$6)/Keys!$C$8,0)) -> 360.41046 | ... AB13: =AA13*(1+$AC13/Keys!$C$7^ROUNDUP((AB$8-Keys!$C$6)/Keys!$C$8,0)) -> 364.87615 | AC13: =IFERROR((EPRI_PI2026!$H$7/EPRI_PI2026!$F$7)^(1/6)-1,0) -> 0.055369483
A14: CT | B14: =IFERROR(EPRI_PI2026!$F$8,0) -> 29 | C14: =B14*(1+$AC14) -> 38.629359 | D14: =C14*(1+$AC14) -> 51.456116 | E14: =D14*(1+$AC14) -> 68.541958 | F14: =E14*(1+$AC14) -> 91.3011 | G14: =F14*(1+$AC14) -> 121.61734 | H14: =G14*(1+$AC14) -> 162 | I14: =H14*(1+$AC14/Keys!$C$7^ROUNDUP((I$8-Keys!$C$6)/Keys!$C$8,0)) -> 175.4479 | J14: =I14*(1+$AC14/Keys!$C$7^ROUNDUP((J$8-Keys!$C$6)/Keys!$C$8,0)) -> 190.01213 | K14: =J14*(1+$AC14/Keys!$C$7^ROUNDUP((K$8-Keys!$C$6)/Keys!$C$8,0)) -> 205.78536 | L14: =K14*(1+$AC14/Keys!$C$7^ROUNDUP((L$8-Keys!$C$6)/Keys!$C$8,0)) -> 222.86796 | M14: =L14*(1+$AC14/Keys!$C$7^ROUNDUP((M$8-Keys!$C$6)/Keys!$C$8,0)) -> 241.36861 | N14: =M14*(1+$AC14/Keys!$C$7^ROUNDUP((N$8-Keys!$C$6)/Keys!$C$8,0)) -> 246.37771 | O14: =N14*(1+$AC14/Keys!$C$7^ROUNDUP((O$8-Keys!$C$6)/Keys!$C$8,0)) -> 251.49077 | P14: =O14*(1+$AC14/Keys!$C$7^ROUNDUP((P$8-Keys!$C$6)/Keys!$C$8,0)) -> 256.70994 | ... AB14: =AA14*(1+$AC14/Keys!$C$7^ROUNDUP((AB$8-Keys!$C$6)/Keys!$C$8,0)) -> 276.27122 | AC14: =IFERROR((EPRI_PI2026!$H$8/EPRI_PI2026!$F$8)^(1/6)-1,0) -> 0.33204686
A15: DE | B15: =IFERROR(EPRI_PI2026!$F$9,0) -> 14 | C15: =B15*(1+$AC15) -> 13.236506 | D15: =C15*(1+$AC15) -> 12.514649 | E15: =D15*(1+$AC15) -> 11.83216 | F15: =E15*(1+$AC15) -> 11.186889 | G15: =F15*(1+$AC15) -> 10.576809 | H15: =G15*(1+$AC15) -> 10 | I15: =H15*(1+$AC15/Keys!$C$7^ROUNDUP((I$8-Keys!$C$6)/Keys!$C$8,0)) -> 9.8636618 | J15: =I15*(1+$AC15/Keys!$C$7^ROUNDUP((J$8-Keys!$C$6)/Keys!$C$8,0)) -> 9.7291824 | K15: =J15*(1+$AC15/Keys!$C$7^ROUNDUP((K$8-Keys!$C$6)/Keys!$C$8,0)) -> 9.5965365 | L15: =K15*(1+$AC15/Keys!$C$7^ROUNDUP((L$8-Keys!$C$6)/Keys!$C$8,0)) -> 9.465699 | M15: =L15*(1+$AC15/Keys!$C$7^ROUNDUP((M$8-Keys!$C$6)/Keys!$C$8,0)) -> 9.3366454 | N15: =M15*(1+$AC15/Keys!$C$7^ROUNDUP((N$8-Keys!$C$6)/Keys!$C$8,0)) -> 9.3048219 | O15: =N15*(1+$AC15/Keys!$C$7^ROUNDUP((O$8-Keys!$C$6)/Keys!$C$8,0)) -> 9.2731068 | P15: =O15*(1+$AC15/Keys!$C$7^ROUNDUP((P$8-Keys!$C$6)/Keys!$C$8,0)) -> 9.2414998 | ... AB15: =AA15*(1+$AC15/Keys!$C$7^ROUNDUP((AB$8-Keys!$C$6)/Keys!$C$8,0)) -> 9.1298384 | AC15: =IFERROR((EPRI_PI2026!$H$9/EPRI_PI2026!$F$9)^(1/6)-1,0) -> -0.054535281
A16: FL | B16: =IFERROR(EPRI_PI2026!$F$10,0) -> 188 | C16: =B16*(1+$AC16) -> 207.71565 | D16: =C16*(1+$AC16) -> 229.4989 | E16: =D16*(1+$AC16) -> 253.56656 | F16: =E16*(1+$AC16) -> 280.15821 | G16: =F16*(1+$AC16) -> 309.53854 | H16: =G16*(1+$AC16) -> 342 | I16: =H16*(1+$AC16/Keys!$C$7^ROUNDUP((I$8-Keys!$C$6)/Keys!$C$8,0)) -> 350.96643 | J16: =I16*(1+$AC16/Keys!$C$7^ROUNDUP((J$8-Keys!$C$6)/Keys!$C$8,0)) -> 360.16793 | K16: =J16*(1+$AC16/Keys!$C$7^ROUNDUP((K$8-Keys!$C$6)/Keys!$C$8,0)) -> 369.61068 | L16: =K16*(1+$AC16/Keys!$C$7^ROUNDUP((L$8-Keys!$C$6)/Keys!$C$8,0)) -> 379.30099 | M16: =L16*(1+$AC16/Keys!$C$7^ROUNDUP((M$8-Keys!$C$6)/Keys!$C$8,0)) -> 389.24536 | N16: =M16*(1+$AC16/Keys!$C$7^ROUNDUP((N$8-Keys!$C$6)/Keys!$C$8,0)) -> 391.79664 | O16: =N16*(1+$AC16/Keys!$C$7^ROUNDUP((O$8-Keys!$C$6)/Keys!$C$8,0)) -> 394.36463 | P16: =O16*(1+$AC16/Keys!$C$7^ROUNDUP((P$8-Keys!$C$6)/Keys!$C$8,0)) -> 396.94946 | ... AB16: =AA16*(1+$AC16/Keys!$C$7^ROUNDUP((AB$8-Keys!$C$6)/Keys!$C$8,0)) -> 406.30704 | AC16: =IFERROR((EPRI_PI2026!$H$10/EPRI_PI2026!$F$10)^(1/6)-1,0) -> 0.1048705
A17: GA | B17: =IFERROR(EPRI_PI2026!$F$11,0) -> 1774 | C17: =B17*(1+$AC17) -> 1937.8428 | D17: =C17*(1+$AC17) -> 2116.8179 | E17: =D17*(1+$AC17) -> 2312.3226 | F17: =E17*(1+$AC17) -> 2525.8838 | G17: =F17*(1+$AC17) -> 2759.169 | H17: =G17*(1+$AC17) -> 3014 | I17: =H17*(1+$AC17/Keys!$C$7^ROUNDUP((I$8-Keys!$C$6)/Keys!$C$8,0)) -> 3083.5916 | J17: =I17*(1+$AC17/Keys!$C$7^ROUNDUP((J$8-Keys!$C$6)/Keys!$C$8,0)) -> 3154.7901 | K17: =J17*(1+$AC17/Keys!$C$7^ROUNDUP((K$8-Keys!$C$6)/Keys!$C$8,0)) -> 3227.6325 | L17: =K17*(1+$AC17/Keys!$C$7^ROUNDUP((L$8-Keys!$C$6)/Keys!$C$8,0)) -> 3302.1569 | M17: =L17*(1+$AC17/Keys!$C$7^ROUNDUP((M$8-Keys!$C$6)/Keys!$C$8,0)) -> 3378.4019 | N17: =M17*(1+$AC17/Keys!$C$7^ROUNDUP((N$8-Keys!$C$6)/Keys!$C$8,0)) -> 3397.9033 | O17: =N17*(1+$AC17/Keys!$C$7^ROUNDUP((O$8-Keys!$C$6)/Keys!$C$8,0)) -> 3417.5172 | P17: =O17*(1+$AC17/Keys!$C$7^ROUNDUP((P$8-Keys!$C$6)/Keys!$C$8,0)) -> 3437.2444 | ... AB17: =AA17*(1+$AC17/Keys!$C$7^ROUNDUP((AB$8-Keys!$C$6)/Keys!$C$8,0)) -> 3508.524 | AC17: =IFERROR((EPRI_PI2026!$H$11/EPRI_PI2026!$F$11)^(1/6)-1,0) -> 0.092357862
A18: ID | B18: =IFERROR(EPRI_PI2026!$F$13,0) -> 89 | C18: =B18*(1+$AC18) -> 108.36557 | D18: =C18*(1+$AC18) -> 131.94492 | E18: =D18*(1+$AC18) -> 160.65491 | F18: =E18*(1+$AC18) -> 195.61193 | G18: =F18*(1+$AC18) -> 238.17527 | H18: =G18*(1+$AC18) -> 290 | I18: =H18*(1+$AC18/Keys!$C$7^ROUNDUP((I$8-Keys!$C$6)/Keys!$C$8,0)) -> 305.77533 | J18: =I18*(1+$AC18/Keys!$C$7^ROUNDUP((J$8-Keys!$C$6)/Keys!$C$8,0)) -> 322.4088 | K18: =J18*(1+$AC18/Keys!$C$7^ROUNDUP((K$8-Keys!$C$6)/Keys!$C$8,0)) -> 339.94709 | L18: =K18*(1+$AC18/Keys!$C$7^ROUNDUP((L$8-Keys!$C$6)/Keys!$C$8,0)) -> 358.43942 | M18: =L18*(1+$AC18/Keys!$C$7^ROUNDUP((M$8-Keys!$C$6)/Keys!$C$8,0)) -> 377.93769 | N18: =M18*(1+$AC18/Keys!$C$7^ROUNDUP((N$8-Keys!$C$6)/Keys!$C$8,0)) -> 383.07743 | O18: =N18*(1+$AC18/Keys!$C$7^ROUNDUP((O$8-Keys!$C$6)/Keys!$C$8,0)) -> 388.28706 | P18: =O18*(1+$AC18/Keys!$C$7^ROUNDUP((P$8-Keys!$C$6)/Keys!$C$8,0)) -> 393.56754 | ... AB18: =AA18*(1+$AC18/Keys!$C$7^ROUNDUP((AB$8-Keys!$C$6)/Keys!$C$8,0)) -> 413.01615 | AC18: =IFERROR((EPRI_PI2026!$H$13/EPRI_PI2026!$F$13)^(1/6)-1,0) -> 0.21759073
A19: IL | B19: =IFERROR(EPRI_PI2026!$F$14,0) -> 1602 | C19: =B19*(1+$AC19) -> 1632.9646 | D19: =C19*(1+$AC19) -> 1664.5277 | E19: =D19*(1+$AC19) -> 1696.7009 | F19: =E19*(1+$AC19) -> 1729.496 | G19: =F19*(1+$AC19) -> 1762.9249 | H19: =G19*(1+$AC19) -> 1797 | I19: =H19*(1+$AC19/Keys!$C$7^ROUNDUP((I$8-Keys!$C$6)/Keys!$C$8,0)) -> 1805.6834 | J19: =I19*(1+$AC19/Keys!$C$7^ROUNDUP((J$8-Keys!$C$6)/Keys!$C$8,0)) -> 1814.4088 | K19: =J19*(1+$AC19/Keys!$C$7^ROUNDUP((K$8-Keys!$C$6)/Keys!$C$8,0)) -> 1823.1764 | L19: =K19*(1+$AC19/Keys!$C$7^ROUNDUP((L$8-Keys!$C$6)/Keys!$C$8,0)) -> 1831.9863 | M19: =L19*(1+$AC19/Keys!$C$7^ROUNDUP((M$8-Keys!$C$6)/Keys!$C$8,0)) -> 1840.8388 | N19: =M19*(1+$AC19/Keys!$C$7^ROUNDUP((N$8-Keys!$C$6)/Keys!$C$8,0)) -> 1843.0626 | O19: =N19*(1+$AC19/Keys!$C$7^ROUNDUP((O$8-Keys!$C$6)/Keys!$C$8,0)) -> 1845.2891 | P19: =O19*(1+$AC19/Keys!$C$7^ROUNDUP((P$8-Keys!$C$6)/Keys!$C$8,0)) -> 1847.5183 | ... AB19: =AA19*(1+$AC19/Keys!$C$7^ROUNDUP((AB$8-Keys!$C$6)/Keys!$C$8,0)) -> 1855.4834 | AC19: =IFERROR((EPRI_PI2026!$H$14/EPRI_PI2026!$F$14)^(1/6)-1,0) -> 0.01932872
A20: IN | B20: =IFERROR(EPRI_PI2026!$F$15,0) -> 292 | C20: =B20*(1+$AC20) -> 405.006 | D20: =C20*(1+$AC20) -> 561.7461 | E20: =D20*(1+$AC20) -> 779.14569 | F20: =E20*(1+$AC20) -> 1080.6804 | G20: =F20*(1+$AC20) -> 1498.9111 | H20: =G20*(1+$AC20) -> 2079 | I20: =H20*(1+$AC20/Keys!$C$7^ROUNDUP((I$8-Keys!$C$6)/Keys!$C$8,0)) -> 2280.1468 | J20: =I20*(1+$AC20/Keys!$C$7^ROUNDUP((J$8-Keys!$C$6)/Keys!$C$8,0)) -> 2500.7549 | K20: =J20*(1+$AC20/Keys!$C$7^ROUNDUP((K$8-Keys!$C$6)/Keys!$C$8,0)) -> 2742.7072 | L20: =K20*(1+$AC20/Keys!$C$7^ROUNDUP((L$8-Keys!$C$6)/Keys!$C$8,0)) -> 3008.0689 | M20: =L20*(1+$AC20/Keys!$C$7^ROUNDUP((M$8-Keys!$C$6)/Keys!$C$8,0)) -> 3299.1047 | N20: =M20*(1+$AC20/Keys!$C$7^ROUNDUP((N$8-Keys!$C$6)/Keys!$C$8,0)) -> 3378.9032 | O20: =N20*(1+$AC20/Keys!$C$7^ROUNDUP((O$8-Keys!$C$6)/Keys!$C$8,0)) -> 3460.6319 | P20: =O20*(1+$AC20/Keys!$C$7^ROUNDUP((P$8-Keys!$C$6)/Keys!$C$8,0)) -> 3544.3374 | ... AB20: =AA20*(1+$AC20/Keys!$C$7^ROUNDUP((AB$8-Keys!$C$6)/Keys!$C$8,0)) -> 3860.6987 | AC20: =IFERROR((EPRI_PI2026!$H$15/EPRI_PI2026!$F$15)^(1/6)-1,0) -> 0.38700685
A21: IA | B21: =IFERROR(EPRI_PI2026!$F$16,0) -> 1698 | C21: =B21*(1+$AC21) -> 1668.7706 | D21: =C21*(1+$AC21) -> 1640.0444 | E21: =D21*(1+$AC21) -> 1611.8126 | F21: =E21*(1+$AC21) -> 1584.0669 | G21: =F21*(1+$AC21) -> 1556.7987 | H21: =G21*(1+$AC21) -> 1530 | I21: =H21*(1+$AC21/Keys!$C$7^ROUNDUP((I$8-Keys!$C$6)/Keys!$C$8,0)) -> 1523.4156 | J21: =I21*(1+$AC21/Keys!$C$7^ROUNDUP((J$8-Keys!$C$6)/Keys!$C$8,0)) -> 1516.8596 | K21: =J21*(1+$AC21/Keys!$C$7^ROUNDUP((K$8-Keys!$C$6)/Keys!$C$8,0)) -> 1510.3318 | L21: =K21*(1+$AC21/Keys!$C$7^ROUNDUP((L$8-Keys!$C$6)/Keys!$C$8,0)) -> 1503.8321 | M21: =L21*(1+$AC21/Keys!$C$7^ROUNDUP((M$8-Keys!$C$6)/Keys!$C$8,0)) -> 1497.3603 | N21: =M21*(1+$AC21/Keys!$C$7^ROUNDUP((N$8-Keys!$C$6)/Keys!$C$8,0)) -> 1495.7494 | O21: =N21*(1+$AC21/Keys!$C$7^ROUNDUP((O$8-Keys!$C$6)/Keys!$C$8,0)) -> 1494.1401 | P21: =O21*(1+$AC21/Keys!$C$7^ROUNDUP((P$8-Keys!$C$6)/Keys!$C$8,0)) -> 1492.5326 | ... AB21: =AA21*(1+$AC21/Keys!$C$7^ROUNDUP((AB$8-Keys!$C$6)/Keys!$C$8,0)) -> 1486.821 | AC21: =IFERROR((EPRI_PI2026!$H$16/EPRI_PI2026!$F$16)^(1/6)-1,0) -> -0.017214008
A22: KS | B22: =IFERROR(EPRI_PI2026!$F$17,0) -> 44 | C22: =B22*(1+$AC22) -> 42.747513 | D22: =C22*(1+$AC22) -> 41.530678 | E22: =D22*(1+$AC22) -> 40.348482 | F22: =E22*(1+$AC22) -> 39.199938 | G22: =F22*(1+$AC22) -> 38.084087 | H22: =G22*(1+$AC22) -> 37 | I22: =H22*(1+$AC22/Keys!$C$7^ROUNDUP((I$8-Keys!$C$6)/Keys!$C$8,0)) -> 36.736693 | J22: =I22*(1+$AC22/Keys!$C$7^ROUNDUP((J$8-Keys!$C$6)/Keys!$C$8,0)) -> 36.47526 | K22: =J22*(1+$AC22/Keys!$C$7^ROUNDUP((K$8-Keys!$C$6)/Keys!$C$8,0)) -> 36.215687 | L22: =K22*(1+$AC22/Keys!$C$7^ROUNDUP((L$8-Keys!$C$6)/Keys!$C$8,0)) -> 35.957962 | M22: =L22*(1+$AC22/Keys!$C$7^ROUNDUP((M$8-Keys!$C$6)/Keys!$C$8,0)) -> 35.70207 | N22: =M22*(1+$AC22/Keys!$C$7^ROUNDUP((N$8-Keys!$C$6)/Keys!$C$8,0)) -> 35.638553 | O22: =N22*(1+$AC22/Keys!$C$7^ROUNDUP((O$8-Keys!$C$6)/Keys!$C$8,0)) -> 35.575148 | P22: =O22*(1+$AC22/Keys!$C$7^ROUNDUP((P$8-Keys!$C$6)/Keys!$C$8,0)) -> 35.511856 | ... AB22: =AA22*(1+$AC22/Keys!$C$7^ROUNDUP((AB$8-Keys!$C$6)/Keys!$C$8,0)) -> 35.287362 | AC22: =IFERROR((EPRI_PI2026!$H$17/EPRI_PI2026!$F$17)^(1/6)-1,0) -> -0.028465618
A23: KY | B23: =IFERROR(EPRI_PI2026!$F$18,0) -> 375 | C23: =B23*(1+$AC23) -> 380.30855 | D23: =C23*(1+$AC23) -> 385.69224 | E23: =D23*(1+$AC23) -> 391.15214 | F23: =E23*(1+$AC23) -> 396.68934 | G23: =F23*(1+$AC23) -> 402.30492 | H23: =G23*(1+$AC23) -> 408 | I23: =H23*(1+$AC23/Keys!$C$7^ROUNDUP((I$8-Keys!$C$6)/Keys!$C$8,0)) -> 409.44392 | J23: =I23*(1+$AC23/Keys!$C$7^ROUNDUP((J$8-Keys!$C$6)/Keys!$C$8,0)) -> 410.89296 | K23: =J23*(1+$AC23/Keys!$C$7^ROUNDUP((K$8-Keys!$C$6)/Keys!$C$8,0)) -> 412.34712 | L23: =K23*(1+$AC23/Keys!$C$7^ROUNDUP((L$8-Keys!$C$6)/Keys!$C$8,0)) -> 413.80643 | M23: =L23*(1+$AC23/Keys!$C$7^ROUNDUP((M$8-Keys!$C$6)/Keys!$C$8,0)) -> 415.2709 | N23: =M23*(1+$AC23/Keys!$C$7^ROUNDUP((N$8-Keys!$C$6)/Keys!$C$8,0)) -> 415.63832 | O23: =N23*(1+$AC23/Keys!$C$7^ROUNDUP((O$8-Keys!$C$6)/Keys!$C$8,0)) -> 416.00606 | P23: =O23*(1+$AC23/Keys!$C$7^ROUNDUP((P$8-Keys!$C$6)/Keys!$C$8,0)) -> 416.37412 | ... AB23: =AA23*(1+$AC23/Keys!$C$7^ROUNDUP((AB$8-Keys!$C$6)/Keys!$C$8,0)) -> 417.6882 | AC23: =IFERROR((EPRI_PI2026!$H$18/EPRI_PI2026!$F$18)^(1/6)-1,0) -> 0.01415612
A24: LA | B24: =IFERROR(EPRI_PI2026!$F$19,0) -> 9 | C24: =B24*(1+$AC24) -> 19.048474 | D24: =C24*(1+$AC24) -> 40.316038 | E24: =D24*(1+$AC24) -> 85.328776 | F24: =E24*(1+$AC24) -> 180.5981 | G24: =F24*(1+$AC24) -> 382.23535 | H24: =G24*(1+$AC24) -> 809 | I24: =H24*(1+$AC24/Keys!$C$7^ROUNDUP((I$8-Keys!$C$6)/Keys!$C$8,0)) -> 1034.8115 | J24: =I24*(1+$AC24/Keys!$C$7^ROUNDUP((J$8-Keys!$C$6)/Keys!$C$8,0)) -> 1323.6525 | K24: =J24*(1+$AC24/Keys!$C$7^ROUNDUP((K$8-Keys!$C$6)/Keys!$C$8,0)) -> 1693.1161 | L24: =K24*(1+$AC24/Keys!$C$7^ROUNDUP((L$8-Keys!$C$6)/Keys!$C$8,0)) -> 2165.7059 | M24: =L24*(1+$AC24/Keys!$C$7^ROUNDUP((M$8-Keys!$C$6)/Keys!$C$8,0)) -> 2770.2069 | N24: =M24*(1+$AC24/Keys!$C$7^ROUNDUP((N$8-Keys!$C$6)/Keys!$C$8,0)) -> 2963.5149 | O24: =N24*(1+$AC24/Keys!$C$7^ROUNDUP((O$8-Keys!$C$6)/Keys!$C$8,0)) -> 3170.3121 | P24: =O24*(1+$AC24/Keys!$C$7^ROUNDUP((P$8-Keys!$C$6)/Keys!$C$8,0)) -> 3391.5399 | ... AB24: =AA24*(1+$AC24/Keys!$C$7^ROUNDUP((AB$8-Keys!$C$6)/Keys!$C$8,0)) -> 4325.0577 | AC24: =IFERROR((EPRI_PI2026!$H$19/EPRI_PI2026!$F$19)^(1/6)-1,0) -> 1.1164971
A25: ME | B25: =IFERROR(EPRI_PI2026!$F$20,0) -> 3 | C25: =B25*(1+$AC25) -> 3 | D25: =C25*(1+$AC25) -> 3 | E25: =D25*(1+$AC25) -> 3 | F25: =E25*(1+$AC25) -> 3 | G25: =F25*(1+$AC25) -> 3 | H25: =G25*(1+$AC25) -> 3 | I25: =H25*(1+$AC25/Keys!$C$7^ROUNDUP((I$8-Keys!$C$6)/Keys!$C$8,0)) -> 3 | J25: =I25*(1+$AC25/Keys!$C$7^ROUNDUP((J$8-Keys!$C$6)/Keys!$C$8,0)) -> 3 | K25: =J25*(1+$AC25/Keys!$C$7^ROUNDUP((K$8-Keys!$C$6)/Keys!$C$8,0)) -> 3 | L25: =K25*(1+$AC25/Keys!$C$7^ROUNDUP((L$8-Keys!$C$6)/Keys!$C$8,0)) -> 3 | M25: =L25*(1+$AC25/Keys!$C$7^ROUNDUP((M$8-Keys!$C$6)/Keys!$C$8,0)) -> 3 | N25: =M25*(1+$AC25/Keys!$C$7^ROUNDUP((N$8-Keys!$C$6)/Keys!$C$8,0)) -> 3 | O25: =N25*(1+$AC25/Keys!$C$7^ROUNDUP((O$8-Keys!$C$6)/Keys!$C$8,0)) -> 3 | P25: =O25*(1+$AC25/Keys!$C$7^ROUNDUP((P$8-Keys!$C$6)/Keys!$C$8,0)) -> 3 | ... AB25: =AA25*(1+$AC25/Keys!$C$7^ROUNDUP((AB$8-Keys!$C$6)/Keys!$C$8,0)) -> 3 | AC25: =IFERROR((EPRI_PI2026!$H$20/EPRI_PI2026!$F$20)^(1/6)-1,0) -> 0
A26: MD | B26: =IFERROR(EPRI_PI2026!$F$21,0) -> 63 | C26: =B26*(1+$AC26) -> 90.319532 | D26: =C26*(1+$AC26) -> 129.486 | E26: =D26*(1+$AC26) -> 185.63674 | F26: =E26*(1+$AC26) -> 266.13688 | G26: =F26*(1+$AC26) -> 381.54538 | H26: =G26*(1+$AC26) -> 547 | I26: =H26*(1+$AC26/Keys!$C$7^ROUNDUP((I$8-Keys!$C$6)/Keys!$C$8,0)) -> 606.30073 | J26: =I26*(1+$AC26/Keys!$C$7^ROUNDUP((J$8-Keys!$C$6)/Keys!$C$8,0)) -> 672.0303 | K26: =J26*(1+$AC26/Keys!$C$7^ROUNDUP((K$8-Keys!$C$6)/Keys!$C$8,0)) -> 744.88567 | L26: =K26*(1+$AC26/Keys!$C$7^ROUNDUP((L$8-Keys!$C$6)/Keys!$C$8,0)) -> 825.63936 | M26: =L26*(1+$AC26/Keys!$C$7^ROUNDUP((M$8-Keys!$C$6)/Keys!$C$8,0)) -> 915.14761 | N26: =M26*(1+$AC26/Keys!$C$7^ROUNDUP((N$8-Keys!$C$6)/Keys!$C$8,0)) -> 939.95059 | O26: =N26*(1+$AC26/Keys!$C$7^ROUNDUP((O$8-Keys!$C$6)/Keys!$C$8,0)) -> 965.4258 | P26: =O26*(1+$AC26/Keys!$C$7^ROUNDUP((P$8-Keys!$C$6)/Keys!$C$8,0)) -> 991.59146 | ... AB26: =AA26*(1+$AC26/Keys!$C$7^ROUNDUP((AB$8-Keys!$C$6)/Keys!$C$8,0)) -> 1091.1873 | AC26: =IFERROR((EPRI_PI2026!$H$21/EPRI_PI2026!$F$21)^(1/6)-1,0) -> 0.43364337
A27: MA | B27: =IFERROR(EPRI_PI2026!$F$22,0) -> 171 | C27: =B27*(1+$AC27) -> 169.1155 | D27: =C27*(1+$AC27) -> 167.25177 | E27: =D27*(1+$AC27) -> 165.40859 | F27: =E27*(1+$AC27) -> 163.58571 | G27: =F27*(1+$AC27) -> 161.78292 | H27: =G27*(1+$AC27) -> 160 | I27: =H27*(1+$AC27/Keys!$C$7^ROUNDUP((I$8-Keys!$C$6)/Keys!$C$8,0)) -> 159.55918 | J27: =I27*(1+$AC27/Keys!$C$7^ROUNDUP((J$8-Keys!$C$6)/Keys!$C$8,0)) -> 159.11958 | K27: =J27*(1+$AC27/Keys!$C$7^ROUNDUP((K$8-Keys!$C$6)/Keys!$C$8,0)) -> 158.68119 | L27: =K27*(1+$AC27/Keys!$C$7^ROUNDUP((L$8-Keys!$C$6)/Keys!$C$8,0)) -> 158.244 | M27: =L27*(1+$AC27/Keys!$C$7^ROUNDUP((M$8-Keys!$C$6)/Keys!$C$8,0)) -> 157.80802 | N27: =M27*(1+$AC27/Keys!$C$7^ROUNDUP((N$8-Keys!$C$6)/Keys!$C$8,0)) -> 157.69933 | O27: =N27*(1+$AC27/Keys!$C$7^ROUNDUP((O$8-Keys!$C$6)/Keys!$C$8,0)) -> 157.59071 | P27: =O27*(1+$AC27/Keys!$C$7^ROUNDUP((P$8-Keys!$C$6)/Keys!$C$8,0)) -> 157.48216 | ... AB27: =AA27*(1+$AC27/Keys!$C$7^ROUNDUP((AB$8-Keys!$C$6)/Keys!$C$8,0)) -> 157.09612 | AC27: =IFERROR((EPRI_PI2026!$H$22/EPRI_PI2026!$F$22)^(1/6)-1,0) -> -0.011020449
A28: MI | B28: =IFERROR(EPRI_PI2026!$F$23,0) -> 97 | C28: =B28*(1+$AC28) -> 100.22055 | D28: =C28*(1+$AC28) -> 103.54803 | E28: =D28*(1+$AC28) -> 106.98598 | F28: =E28*(1+$AC28) -> 110.53808 | G28: =F28*(1+$AC28) -> 114.20811 | H28: =G28*(1+$AC28) -> 118 | I28: =H28*(1+$AC28/Keys!$C$7^ROUNDUP((I$8-Keys!$C$6)/Keys!$C$8,0)) -> 118.97945 | J28: =I28*(1+$AC28/Keys!$C$7^ROUNDUP((J$8-Keys!$C$6)/Keys!$C$8,0)) -> 119.96702 | K28: =J28*(1+$AC28/Keys!$C$7^ROUNDUP((K$8-Keys!$C$6)/Keys!$C$8,0)) -> 120.96279 | L28: =K28*(1+$AC28/Keys!$C$7^ROUNDUP((L$8-Keys!$C$6)/Keys!$C$8,0)) -> 121.96683 | M28: =L28*(1+$AC28/Keys!$C$7^ROUNDUP((M$8-Keys!$C$6)/Keys!$C$8,0)) -> 122.9792 | N28: =M28*(1+$AC28/Keys!$C$7^ROUNDUP((N$8-Keys!$C$6)/Keys!$C$8,0)) -> 123.2344 | O28: =N28*(1+$AC28/Keys!$C$7^ROUNDUP((O$8-Keys!$C$6)/Keys!$C$8,0)) -> 123.49012 | P28: =O28*(1+$AC28/Keys!$C$7^ROUNDUP((P$8-Keys!$C$6)/Keys!$C$8,0)) -> 123.74637 | ... AB28: =AA28*(1+$AC28/Keys!$C$7^ROUNDUP((AB$8-Keys!$C$6)/Keys!$C$8,0)) -> 124.66394 | AC28: =IFERROR((EPRI_PI2026!$H$23/EPRI_PI2026!$F$23)^(1/6)-1,0) -> 0.033201542
A29: MN | B29: =IFERROR(EPRI_PI2026!$F$24,0) -> 106 | C29: =B29*(1+$AC29) -> 122.78017 | D29: =C29*(1+$AC29) -> 142.21669 | E29: =D29*(1+$AC29) -> 164.73008 | F29: =E29*(1+$AC29) -> 190.80742 | G29: =F29*(1+$AC29) -> 221.0129 | H29: =G29*(1+$AC29) -> 256 | I29: =H29*(1+$AC29/Keys!$C$7^ROUNDUP((I$8-Keys!$C$6)/Keys!$C$8,0)) -> 266.13142 | J29: =I29*(1+$AC29/Keys!$C$7^ROUNDUP((J$8-Keys!$C$6)/Keys!$C$8,0)) -> 276.6638 | K29: =J29*(1+$AC29/Keys!$C$7^ROUNDUP((K$8-Keys!$C$6)/Keys!$C$8,0)) -> 287.61301 | L29: =K29*(1+$AC29/Keys!$C$7^ROUNDUP((L$8-Keys!$C$6)/Keys!$C$8,0)) -> 298.99554 | M29: =L29*(1+$AC29/Keys!$C$7^ROUNDUP((M$8-Keys!$C$6)/Keys!$C$8,0)) -> 310.82855 | N29: =M29*(1+$AC29/Keys!$C$7^ROUNDUP((N$8-Keys!$C$6)/Keys!$C$8,0)) -> 313.90388 | O29: =N29*(1+$AC29/Keys!$C$7^ROUNDUP((O$8-Keys!$C$6)/Keys!$C$8,0)) -> 317.00963 | P29: =O29*(1+$AC29/Keys!$C$7^ROUNDUP((P$8-Keys!$C$6)/Keys!$C$8,0)) -> 320.14611 | ... AB29: =AA29*(1+$AC29/Keys!$C$7^ROUNDUP((AB$8-Keys!$C$6)/Keys!$C$8,0)) -> 331.59398 | AC29: =IFERROR((EPRI_PI2026!$H$24/EPRI_PI2026!$F$24)^(1/6)-1,0) -> 0.15830345
A30: MS | B30: =IFERROR(EPRI_PI2026!$F$25,0) -> 46 | C30: =B30*(1+$AC30) -> 70.615105 | D30: =C30*(1+$AC30) -> 108.40202 | E30: =D30*(1+$AC30) -> 166.40913 | F30: =E30*(1+$AC30) -> 255.45649 | G30: =F30*(1+$AC30) -> 392.15406 | H30: =G30*(1+$AC30) -> 602 | I30: =H30*(1+$AC30/Keys!$C$7^ROUNDUP((I$8-Keys!$C$6)/Keys!$C$8,0)) -> 682.5342 | J30: =I30*(1+$AC30/Keys!$C$7^ROUNDUP((J$8-Keys!$C$6)/Keys!$C$8,0)) -> 773.84209 | K30: =J30*(1+$AC30/Keys!$C$7^ROUNDUP((K$8-Keys!$C$6)/Keys!$C$8,0)) -> 877.36494 | L30: =K30*(1+$AC30/Keys!$C$7^ROUNDUP((L$8-Keys!$C$6)/Keys!$C$8,0)) -> 994.73684 | M30: =L30*(1+$AC30/Keys!$C$7^ROUNDUP((M$8-Keys!$C$6)/Keys!$C$8,0)) -> 1127.8105 | N30: =M30*(1+$AC30/Keys!$C$7^ROUNDUP((N$8-Keys!$C$6)/Keys!$C$8,0)) -> 1165.5295 | O30: =N30*(1+$AC30/Keys!$C$7^ROUNDUP((O$8-Keys!$C$6)/Keys!$C$8,0)) -> 1204.5099 | P30: =O30*(1+$AC30/Keys!$C$7^ROUNDUP((P$8-Keys!$C$6)/Keys!$C$8,0)) -> 1244.7941 | ... AB30: =AA30*(1+$AC30/Keys!$C$7^ROUNDUP((AB$8-Keys!$C$6)/Keys!$C$8,0)) -> 1400.5108 | AC30: =IFERROR((EPRI_PI2026!$H$25/EPRI_PI2026!$F$25)^(1/6)-1,0) -> 0.53511097
A31: MO | B31: =IFERROR(EPRI_PI2026!$F$26,0) -> 224 | C31: =B31*(1+$AC31) -> 242.3199 | D31: =C31*(1+$AC31) -> 262.13811 | E31: =D31*(1+$AC31) -> 283.57715 | F31: =E31*(1+$AC31) -> 306.76959 | G31: =F31*(1+$AC31) -> 331.85883 | H31: =G31*(1+$AC31) -> 359 | I31: =H31*(1+$AC31/Keys!$C$7^ROUNDUP((I$8-Keys!$C$6)/Keys!$C$8,0)) -> 366.34023 | J31: =I31*(1+$AC31/Keys!$C$7^ROUNDUP((J$8-Keys!$C$6)/Keys!$C$8,0)) -> 373.83054 | K31: =J31*(1+$AC31/Keys!$C$7^ROUNDUP((K$8-Keys!$C$6)/Keys!$C$8,0)) -> 381.474 | L31: =K31*(1+$AC31/Keys!$C$7^ROUNDUP((L$8-Keys!$C$6)/Keys!$C$8,0)) -> 389.27374 | M31: =L31*(1+$AC31/Keys!$C$7^ROUNDUP((M$8-Keys!$C$6)/Keys!$C$8,0)) -> 397.23296 | N31: =M31*(1+$AC31/Keys!$C$7^ROUNDUP((N$8-Keys!$C$6)/Keys!$C$8,0)) -> 399.26345 | O31: =N31*(1+$AC31/Keys!$C$7^ROUNDUP((O$8-Keys!$C$6)/Keys!$C$8,0)) -> 401.30431 | P31: =O31*(1+$AC31/Keys!$C$7^ROUNDUP((P$8-Keys!$C$6)/Keys!$C$8,0)) -> 403.35561 | ... AB31: =AA31*(1+$AC31/Keys!$C$7^ROUNDUP((AB$8-Keys!$C$6)/Keys!$C$8,0)) -> 410.75553 | AC31: =IFERROR((EPRI_PI2026!$H$26/EPRI_PI2026!$F$26)^(1/6)-1,0) -> 0.08178529
A32: MT | B32: =IFERROR(EPRI_PI2026!$F$27,0) -> 106 | C32: =B32*(1+$AC32) -> 104.26377 | D32: =C32*(1+$AC32) -> 102.55598 | E32: =D32*(1+$AC32) -> 100.87616 | F32: =E32*(1+$AC32) -> 99.223858 | G32: =F32*(1+$AC32) -> 97.598619 | H32: =G32*(1+$AC32) -> 96 | I32: =H32*(1+$AC32/Keys!$C$7^ROUNDUP((I$8-Keys!$C$6)/Keys!$C$8,0)) -> 95.606891 | J32: =I32*(1+$AC32/Keys!$C$7^ROUNDUP((J$8-Keys!$C$6)/Keys!$C$8,0)) -> 95.215393 | K32: =J32*(1+$AC32/Keys!$C$7^ROUNDUP((K$8-Keys!$C$6)/Keys!$C$8,0)) -> 94.825497 | L32: =K32*(1+$AC32/Keys!$C$7^ROUNDUP((L$8-Keys!$C$6)/Keys!$C$8,0)) -> 94.437198 | M32: =L32*(1+$AC32/Keys!$C$7^ROUNDUP((M$8-Keys!$C$6)/Keys!$C$8,0)) -> 94.050489 | N32: =M32*(1+$AC32/Keys!$C$7^ROUNDUP((N$8-Keys!$C$6)/Keys!$C$8,0)) -> 93.954207 | O32: =N32*(1+$AC32/Keys!$C$7^ROUNDUP((O$8-Keys!$C$6)/Keys!$C$8,0)) -> 93.858025 | P32: =O32*(1+$AC32/Keys!$C$7^ROUNDUP((P$8-Keys!$C$6)/Keys!$C$8,0)) -> 93.76194 | ... AB32: =AA32*(1+$AC32/Keys!$C$7^ROUNDUP((AB$8-Keys!$C$6)/Keys!$C$8,0)) -> 93.420499 | AC32: =IFERROR((EPRI_PI2026!$H$27/EPRI_PI2026!$F$27)^(1/6)-1,0) -> -0.016379523
A33: NE | B33: =IFERROR(EPRI_PI2026!$F$28,0) -> 1021 | C33: =B33*(1+$AC33) -> 1042.6524 | D33: =C33*(1+$AC33) -> 1064.764 | E33: =D33*(1+$AC33) -> 1087.3445 | F33: =E33*(1+$AC33) -> 1110.4038 | G33: =F33*(1+$AC33) -> 1133.9522 | H33: =G33*(1+$AC33) -> 1158 | I33: =H33*(1+$AC33/Keys!$C$7^ROUNDUP((I$8-Keys!$C$6)/Keys!$C$8,0)) -> 1164.1394 | J33: =I33*(1+$AC33/Keys!$C$7^ROUNDUP((J$8-Keys!$C$6)/Keys!$C$8,0)) -> 1170.3114 | K33: =J33*(1+$AC33/Keys!$C$7^ROUNDUP((K$8-Keys!$C$6)/Keys!$C$8,0)) -> 1176.5161 | L33: =K33*(1+$AC33/Keys!$C$7^ROUNDUP((L$8-Keys!$C$6)/Keys!$C$8,0)) -> 1182.7538 | M33: =L33*(1+$AC33/Keys!$C$7^ROUNDUP((M$8-Keys!$C$6)/Keys!$C$8,0)) -> 1189.0244 | N33: =M33*(1+$AC33/Keys!$C$7^ROUNDUP((N$8-Keys!$C$6)/Keys!$C$8,0)) -> 1190.6004 | O33: =N33*(1+$AC33/Keys!$C$7^ROUNDUP((O$8-Keys!$C$6)/Keys!$C$8,0)) -> 1192.1785 | P33: =O33*(1+$AC33/Keys!$C$7^ROUNDUP((P$8-Keys!$C$6)/Keys!$C$8,0)) -> 1193.7586 | ... AB33: =AA33*(1+$AC33/Keys!$C$7^ROUNDUP((AB$8-Keys!$C$6)/Keys!$C$8,0)) -> 1199.4063 | AC33: =IFERROR((EPRI_PI2026!$H$28/EPRI_PI2026!$F$28)^(1/6)-1,0) -> 0.021207047
A34: NV | B34: =IFERROR(EPRI_PI2026!$F$29,0) -> 866 | C34: =B34*(1+$AC34) -> 922.82238 | D34: =C34*(1+$AC34) -> 983.37315 | E34: =D34*(1+$AC34) -> 1047.8969 | F34: =E34*(1+$AC34) -> 1116.6544 | G34: =F34*(1+$AC34) -> 1189.9235 | H34: =G34*(1+$AC34) -> 1268 | I34: =H34*(1+$AC34/Keys!$C$7^ROUNDUP((I$8-Keys!$C$6)/Keys!$C$8,0)) -> 1288.7999 | J34: =I34*(1+$AC34/Keys!$C$7^ROUNDUP((J$8-Keys!$C$6)/Keys!$C$8,0)) -> 1309.941 | K34: =J34*(1+$AC34/Keys!$C$7^ROUNDUP((K$8-Keys!$C$6)/Keys!$C$8,0)) -> 1331.4288 | L34: =K34*(1+$AC34/Keys!$C$7^ROUNDUP((L$8-Keys!$C$6)/Keys!$C$8,0)) -> 1353.2692 | M34: =L34*(1+$AC34/Keys!$C$7^ROUNDUP((M$8-Keys!$C$6)/Keys!$C$8,0)) -> 1375.4678 | N34: =M34*(1+$AC34/Keys!$C$7^ROUNDUP((N$8-Keys!$C$6)/Keys!$C$8,0)) -> 1381.1085 | O34: =N34*(1+$AC34/Keys!$C$7^ROUNDUP((O$8-Keys!$C$6)/Keys!$C$8,0)) -> 1386.7723 | P34: =O34*(1+$AC34/Keys!$C$7^ROUNDUP((P$8-Keys!$C$6)/Keys!$C$8,0)) -> 1392.4593 | ... AB34: =AA34*(1+$AC34/Keys!$C$7^ROUNDUP((AB$8-Keys!$C$6)/Keys!$C$8,0)) -> 1412.9242 | AC34: =IFERROR((EPRI_PI2026!$H$29/EPRI_PI2026!$F$29)^(1/6)-1,0) -> 0.065614759
A35: NH | B35: =IFERROR(EPRI_PI2026!$F$30,0) -> 4 | C35: =B35*(1+$AC35) -> 3.8127372 | D35: =C35*(1+$AC35) -> 3.6342412 | E35: =D35*(1+$AC35) -> 3.4641016 | F35: =E35*(1+$AC35) -> 3.3019272 | G35: =F35*(1+$AC35) -> 3.1473452 | H35: =G35*(1+$AC35) -> 3 | I35: =H35*(1+$AC35/Keys!$C$7^ROUNDUP((I$8-Keys!$C$6)/Keys!$C$8,0)) -> 2.9648882 | J35: =I35*(1+$AC35/Keys!$C$7^ROUNDUP((J$8-Keys!$C$6)/Keys!$C$8,0)) -> 2.9301874 | K35: =J35*(1+$AC35/Keys!$C$7^ROUNDUP((K$8-Keys!$C$6)/Keys!$C$8,0)) -> 2.8958927 | L35: =K35*(1+$AC35/Keys!$C$7^ROUNDUP((L$8-Keys!$C$6)/Keys!$C$8,0)) -> 2.8619994 | M35: =L35*(1+$AC35/Keys!$C$7^ROUNDUP((M$8-Keys!$C$6)/Keys!$C$8,0)) -> 2.8285027 | N35: =M35*(1+$AC35/Keys!$C$7^ROUNDUP((N$8-Keys!$C$6)/Keys!$C$8,0)) -> 2.8202266 | O35: =N35*(1+$AC35/Keys!$C$7^ROUNDUP((O$8-Keys!$C$6)/Keys!$C$8,0)) -> 2.8119747 | P35: =O35*(1+$AC35/Keys!$C$7^ROUNDUP((P$8-Keys!$C$6)/Keys!$C$8,0)) -> 2.8037469 | ... AB35: =AA35*(1+$AC35/Keys!$C$7^ROUNDUP((AB$8-Keys!$C$6)/Keys!$C$8,0)) -> 2.7746452 | AC35: =IFERROR((EPRI_PI2026!$H$30/EPRI_PI2026!$F$30)^(1/6)-1,0) -> -0.046815707
A36: NJ | B36: =IFERROR(EPRI_PI2026!$F$31,0) -> 547 | C36: =B36*(1+$AC36) -> 570.08871 | D36: =C36*(1+$AC36) -> 594.15199 | E36: =D36*(1+$AC36) -> 619.23097 | F36: =E36*(1+$AC36) -> 645.36853 | G36: =F36*(1+$AC36) -> 672.60935 | H36: =G36*(1+$AC36) -> 701 | I36: =H36*(1+$AC36/Keys!$C$7^ROUNDUP((I$8-Keys!$C$6)/Keys!$C$8,0)) -> 708.39725 | J36: =I36*(1+$AC36/Keys!$C$7^ROUNDUP((J$8-Keys!$C$6)/Keys!$C$8,0)) -> 715.87256 | K36: =J36*(1+$AC36/Keys!$C$7^ROUNDUP((K$8-Keys!$C$6)/Keys!$C$8,0)) -> 723.42676 | L36: =K36*(1+$AC36/Keys!$C$7^ROUNDUP((L$8-Keys!$C$6)/Keys!$C$8,0)) -> 731.06066 | M36: =L36*(1+$AC36/Keys!$C$7^ROUNDUP((M$8-Keys!$C$6)/Keys!$C$8,0)) -> 738.77513 | N36: =M36*(1+$AC36/Keys!$C$7^ROUNDUP((N$8-Keys!$C$6)/Keys!$C$8,0)) -> 740.7241 | O36: =N36*(1+$AC36/Keys!$C$7^ROUNDUP((O$8-Keys!$C$6)/Keys!$C$8,0)) -> 742.67821 | P36: =O36*(1+$AC36/Keys!$C$7^ROUNDUP((P$8-Keys!$C$6)/Keys!$C$8,0)) -> 744.63747 | ... AB36: =AA36*(1+$AC36/Keys!$C$7^ROUNDUP((AB$8-Keys!$C$6)/Keys!$C$8,0)) -> 751.66266 | AC36: =IFERROR((EPRI_PI2026!$H$31/EPRI_PI2026!$F$31)^(1/6)-1,0) -> 0.042209711
A37: NM | B37: =IFERROR(EPRI_PI2026!$F$32,0) -> 393 | C37: =B37*(1+$AC37) -> 391.65521 | D37: =C37*(1+$AC37) -> 390.31503 | E37: =D37*(1+$AC37) -> 388.97943 | F37: =E37*(1+$AC37) -> 387.64841 | G37: =F37*(1+$AC37) -> 386.32193 | H37: =G37*(1+$AC37) -> 385 | I37: =H37*(1+$AC37/Keys!$C$7^ROUNDUP((I$8-Keys!$C$6)/Keys!$C$8,0)) -> 384.67065 | J37: =I37*(1+$AC37/Keys!$C$7^ROUNDUP((J$8-Keys!$C$6)/Keys!$C$8,0)) -> 384.34158 | K37: =J37*(1+$AC37/Keys!$C$7^ROUNDUP((K$8-Keys!$C$6)/Keys!$C$8,0)) -> 384.01279 | L37: =K37*(1+$AC37/Keys!$C$7^ROUNDUP((L$8-Keys!$C$6)/Keys!$C$8,0)) -> 383.68428 | M37: =L37*(1+$AC37/Keys!$C$7^ROUNDUP((M$8-Keys!$C$6)/Keys!$C$8,0)) -> 383.35605 | N37: =M37*(1+$AC37/Keys!$C$7^ROUNDUP((N$8-Keys!$C$6)/Keys!$C$8,0)) -> 383.27407 | O37: =N37*(1+$AC37/Keys!$C$7^ROUNDUP((O$8-Keys!$C$6)/Keys!$C$8,0)) -> 383.1921 | P37: =O37*(1+$AC37/Keys!$C$7^ROUNDUP((P$8-Keys!$C$6)/Keys!$C$8,0)) -> 383.11015 | ... AB37: =AA37*(1+$AC37/Keys!$C$7^ROUNDUP((AB$8-Keys!$C$6)/Keys!$C$8,0)) -> 382.81835 | AC37: =IFERROR((EPRI_PI2026!$H$32/EPRI_PI2026!$F$32)^(1/6)-1,0) -> -0.003421845
A38: NY | B38: =IFERROR(EPRI_PI2026!$F$33,0) -> 1085 | C38: =B38*(1+$AC38) -> 1089.454 | D38: =C38*(1+$AC38) -> 1093.9264 | E38: =D38*(1+$AC38) -> 1098.417 | F38: =E38*(1+$AC38) -> 1102.9262 | G38: =F38*(1+$AC38) -> 1107.4538 | H38: =G38*(1+$AC38) -> 1112 | I38: =H38*(1+$AC38/Keys!$C$7^ROUNDUP((I$8-Keys!$C$6)/Keys!$C$8,0)) -> 1113.1412 | J38: =I38*(1+$AC38/Keys!$C$7^ROUNDUP((J$8-Keys!$C$6)/Keys!$C$8,0)) -> 1114.2836 | K38: =J38*(1+$AC38/Keys!$C$7^ROUNDUP((K$8-Keys!$C$6)/Keys!$C$8,0)) -> 1115.4272 | L38: =K38*(1+$AC38/Keys!$C$7^ROUNDUP((L$8-Keys!$C$6)/Keys!$C$8,0)) -> 1116.5719 | M38: =L38*(1+$AC38/Keys!$C$7^ROUNDUP((M$8-Keys!$C$6)/Keys!$C$8,0)) -> 1117.7178 | N38: =M38*(1+$AC38/Keys!$C$7^ROUNDUP((N$8-Keys!$C$6)/Keys!$C$8,0)) -> 1118.0046 | O38: =N38*(1+$AC38/Keys!$C$7^ROUNDUP((O$8-Keys!$C$6)/Keys!$C$8,0)) -> 1118.2914 | P38: =O38*(1+$AC38/Keys!$C$7^ROUNDUP((P$8-Keys!$C$6)/Keys!$C$8,0)) -> 1118.5784 | ... AB38: =AA38*(1+$AC38/Keys!$C$7^ROUNDUP((AB$8-Keys!$C$6)/Keys!$C$8,0)) -> 1119.6011 | AC38: =IFERROR((EPRI_PI2026!$H$33/EPRI_PI2026!$F$33)^(1/6)-1,0) -> 0.0041051044
A39: NC | B39: =IFERROR(EPRI_PI2026!$F$34,0) -> 746 | C39: =B39*(1+$AC39) -> 795.39731 | D39: =C39*(1+$AC39) -> 848.06551 | E39: =D39*(1+$AC39) -> 904.22121 | F39: =E39*(1+$AC39) -> 964.09533 | G39: =F39*(1+$AC39) -> 1027.9341 | H39: =G39*(1+$AC39) -> 1096 | I39: =H39*(1+$AC39/Keys!$C$7^ROUNDUP((I$8-Keys!$C$6)/Keys!$C$8,0)) -> 1114.1432 | J39: =I39*(1+$AC39/Keys!$C$7^ROUNDUP((J$8-Keys!$C$6)/Keys!$C$8,0)) -> 1132.5868 | K39: =J39*(1+$AC39/Keys!$C$7^ROUNDUP((K$8-Keys!$C$6)/Keys!$C$8,0)) -> 1151.3357 | L39: =K39*(1+$AC39/Keys!$C$7^ROUNDUP((L$8-Keys!$C$6)/Keys!$C$8,0)) -> 1170.395 | M39: =L39*(1+$AC39/Keys!$C$7^ROUNDUP((M$8-Keys!$C$6)/Keys!$C$8,0)) -> 1189.7698 | N39: =M39*(1+$AC39/Keys!$C$7^ROUNDUP((N$8-Keys!$C$6)/Keys!$C$8,0)) -> 1194.6937 | O39: =N39*(1+$AC39/Keys!$C$7^ROUNDUP((O$8-Keys!$C$6)/Keys!$C$8,0)) -> 1199.6379 | P39: =O39*(1+$AC39/Keys!$C$7^ROUNDUP((P$8-Keys!$C$6)/Keys!$C$8,0)) -> 1204.6027 | ... AB39: =AA39*(1+$AC39/Keys!$C$7^ROUNDUP((AB$8-Keys!$C$6)/Keys!$C$8,0)) -> 1222.4699 | AC39: =IFERROR((EPRI_PI2026!$H$34/EPRI_PI2026!$F$34)^(1/6)-1,0) -> 0.066216227
A40: ND | B40: =IFERROR(EPRI_PI2026!$F$35,0) -> 640 | C40: =B40*(1+$AC40) -> 654.04039 | D40: =C40*(1+$AC40) -> 668.38879 | E40: =D40*(1+$AC40) -> 683.05197 | F40: =E40*(1+$AC40) -> 698.03684 | G40: =F40*(1+$AC40) -> 713.35044 | H40: =G40*(1+$AC40) -> 729 | I40: =H40*(1+$AC40/Keys!$C$7^ROUNDUP((I$8-Keys!$C$6)/Keys!$C$8,0)) -> 732.99822 | J40: =I40*(1+$AC40/Keys!$C$7^ROUNDUP((J$8-Keys!$C$6)/Keys!$C$8,0)) -> 737.01837 | K40: =J40*(1+$AC40/Keys!$C$7^ROUNDUP((K$8-Keys!$C$6)/Keys!$C$8,0)) -> 741.06056 | L40: =K40*(1+$AC40/Keys!$C$7^ROUNDUP((L$8-Keys!$C$6)/Keys!$C$8,0)) -> 745.12493 | M40: =L40*(1+$AC40/Keys!$C$7^ROUNDUP((M$8-Keys!$C$6)/Keys!$C$8,0)) -> 749.21159 | N40: =M40*(1+$AC40/Keys!$C$7^ROUNDUP((N$8-Keys!$C$6)/Keys!$C$8,0)) -> 750.23885 | O40: =N40*(1+$AC40/Keys!$C$7^ROUNDUP((O$8-Keys!$C$6)/Keys!$C$8,0)) -> 751.26753 | P40: =O40*(1+$AC40/Keys!$C$7^ROUNDUP((P$8-Keys!$C$6)/Keys!$C$8,0)) -> 752.29762 | ... AB40: =AA40*(1+$AC40/Keys!$C$7^ROUNDUP((AB$8-Keys!$C$6)/Keys!$C$8,0)) -> 755.97967 | AC40: =IFERROR((EPRI_PI2026!$H$35/EPRI_PI2026!$F$35)^(1/6)-1,0) -> 0.021938104
A41: OH | B41: =IFERROR(EPRI_PI2026!$F$36,0) -> 2104 | C41: =B41*(1+$AC41) -> 2261.9037 | D41: =C41*(1+$AC41) -> 2431.658 | E41: =D41*(1+$AC41) -> 2614.1523 | F41: =E41*(1+$AC41) -> 2810.3425 | G41: =F41*(1+$AC41) -> 3021.2568 | H41: =G41*(1+$AC41) -> 3248 | I41: =H41*(1+$AC41/Keys!$C$7^ROUNDUP((I$8-Keys!$C$6)/Keys!$C$8,0)) -> 3308.94 | J41: =I41*(1+$AC41/Keys!$C$7^ROUNDUP((J$8-Keys!$C$6)/Keys!$C$8,0)) -> 3371.0234 | K41: =J41*(1+$AC41/Keys!$C$7^ROUNDUP((K$8-Keys!$C$6)/Keys!$C$8,0)) -> 3434.2717 | L41: =K41*(1+$AC41/Keys!$C$7^ROUNDUP((L$8-Keys!$C$6)/Keys!$C$8,0)) -> 3498.7066 | M41: =L41*(1+$AC41/Keys!$C$7^ROUNDUP((M$8-Keys!$C$6)/Keys!$C$8,0)) -> 3564.3505 | N41: =M41*(1+$AC41/Keys!$C$7^ROUNDUP((N$8-Keys!$C$6)/Keys!$C$8,0)) -> 3581.0693 | O41: =N41*(1+$AC41/Keys!$C$7^ROUNDUP((O$8-Keys!$C$6)/Keys!$C$8,0)) -> 3597.8666 | P41: =O41*(1+$AC41/Keys!$C$7^ROUNDUP((P$8-Keys!$C$6)/Keys!$C$8,0)) -> 3614.7427 | ... AB41: =AA41*(1+$AC41/Keys!$C$7^ROUNDUP((AB$8-Keys!$C$6)/Keys!$C$8,0)) -> 3675.5593 | AC41: =IFERROR((EPRI_PI2026!$H$36/EPRI_PI2026!$F$36)^(1/6)-1,0) -> 0.0750493
A42: OK | B42: =IFERROR(EPRI_PI2026!$F$37,0) -> 745 | C42: =B42*(1+$AC42) -> 764.21727 | D42: =C42*(1+$AC42) -> 783.93025 | E42: =D42*(1+$AC42) -> 804.15173 | F42: =E42*(1+$AC42) -> 824.89482 | G42: =F42*(1+$AC42) -> 846.17297 | H42: =G42*(1+$AC42) -> 868 | I42: =H42*(1+$AC42/Keys!$C$7^ROUNDUP((I$8-Keys!$C$6)/Keys!$C$8,0)) -> 873.59751 | J42: =I42*(1+$AC42/Keys!$C$7^ROUNDUP((J$8-Keys!$C$6)/Keys!$C$8,0)) -> 879.23112 | K42: =J42*(1+$AC42/Keys!$C$7^ROUNDUP((K$8-Keys!$C$6)/Keys!$C$8,0)) -> 884.90106 | L42: =K42*(1+$AC42/Keys!$C$7^ROUNDUP((L$8-Keys!$C$6)/Keys!$C$8,0)) -> 890.60757 | M42: =L42*(1+$AC42/Keys!$C$7^ROUNDUP((M$8-Keys!$C$6)/Keys!$C$8,0)) -> 896.35087 | N42: =M42*(1+$AC42/Keys!$C$7^ROUNDUP((N$8-Keys!$C$6)/Keys!$C$8,0)) -> 897.79596 | O42: =N42*(1+$AC42/Keys!$C$7^ROUNDUP((O$8-Keys!$C$6)/Keys!$C$8,0)) -> 899.24337 | P42: =O42*(1+$AC42/Keys!$C$7^ROUNDUP((P$8-Keys!$C$6)/Keys!$C$8,0)) -> 900.69312 | ... AB42: =AA42*(1+$AC42/Keys!$C$7^ROUNDUP((AB$8-Keys!$C$6)/Keys!$C$8,0)) -> 905.87832 | AC42: =IFERROR((EPRI_PI2026!$H$37/EPRI_PI2026!$F$37)^(1/6)-1,0) -> 0.025794994
A43: OR | B43: =IFERROR(EPRI_PI2026!$F$38,0) -> 2982 | C43: =B43*(1+$AC43) -> 2922.2527 | D43: =C43*(1+$AC43) -> 2863.7025 | E43: =D43*(1+$AC43) -> 2806.3254 | F43: =E43*(1+$AC43) -> 2750.0979 | G43: =F43*(1+$AC43) -> 2694.9969 | H43: =G43*(1+$AC43) -> 2641 | I43: =H43*(1+$AC43/Keys!$C$7^ROUNDUP((I$8-Keys!$C$6)/Keys!$C$8,0)) -> 2627.7712 | J43: =I43*(1+$AC43/Keys!$C$7^ROUNDUP((J$8-Keys!$C$6)/Keys!$C$8,0)) -> 2614.6087 | K43: =J43*(1+$AC43/Keys!$C$7^ROUNDUP((K$8-Keys!$C$6)/Keys!$C$8,0)) -> 2601.5122 | L43: =K43*(1+$AC43/Keys!$C$7^ROUNDUP((L$8-Keys!$C$6)/Keys!$C$8,0)) -> 2588.4812 | M43: =L43*(1+$AC43/Keys!$C$7^ROUNDUP((M$8-Keys!$C$6)/Keys!$C$8,0)) -> 2575.5155 | N43: =M43*(1+$AC43/Keys!$C$7^ROUNDUP((N$8-Keys!$C$6)/Keys!$C$8,0)) -> 2572.2903 | O43: =N43*(1+$AC43/Keys!$C$7^ROUNDUP((O$8-Keys!$C$6)/Keys!$C$8,0)) -> 2569.0692 | P43: =O43*(1+$AC43/Keys!$C$7^ROUNDUP((P$8-Keys!$C$6)/Keys!$C$8,0)) -> 2565.8521 | ... AB43: =AA43*(1+$AC43/Keys!$C$7^ROUNDUP((AB$8-Keys!$C$6)/Keys!$C$8,0)) -> 2554.4263 | AC43: =IFERROR((EPRI_PI2026!$H$38/EPRI_PI2026!$F$38)^(1/6)-1,0) -> -0.020035988
A44: PA | B44: =IFERROR(EPRI_PI2026!$F$39,0) -> 631 | C44: =B44*(1+$AC44) -> 682.23588 | D44: =C44*(1+$AC44) -> 737.632 | E44: =D44*(1+$AC44) -> 797.52618 | F44: =E44*(1+$AC44) -> 862.28363 | G44: =F44*(1+$AC44) -> 932.29925 | H44: =G44*(1+$AC44) -> 1008 | I44: =H44*(1+$AC44/Keys!$C$7^ROUNDUP((I$8-Keys!$C$6)/Keys!$C$8,0)) -> 1028.4619 | J44: =I44*(1+$AC44/Keys!$C$7^ROUNDUP((J$8-Keys!$C$6)/Keys!$C$8,0)) -> 1049.3391 | K44: =J44*(1+$AC44/Keys!$C$7^ROUNDUP((K$8-Keys!$C$6)/Keys!$C$8,0)) -> 1070.6401 | L44: =K44*(1+$AC44/Keys!$C$7^ROUNDUP((L$8-Keys!$C$6)/Keys!$C$8,0)) -> 1092.3736 | M44: =L44*(1+$AC44/Keys!$C$7^ROUNDUP((M$8-Keys!$C$6)/Keys!$C$8,0)) -> 1114.5482 | N44: =M44*(1+$AC44/Keys!$C$7^ROUNDUP((N$8-Keys!$C$6)/Keys!$C$8,0)) -> 1120.2044 | O44: =N44*(1+$AC44/Keys!$C$7^ROUNDUP((O$8-Keys!$C$6)/Keys!$C$8,0)) -> 1125.8893 | P44: =O44*(1+$AC44/Keys!$C$7^ROUNDUP((P$8-Keys!$C$6)/Keys!$C$8,0)) -> 1131.603 | ... AB44: =AA44*(1+$AC44/Keys!$C$7^ROUNDUP((AB$8-Keys!$C$6)/Keys!$C$8,0)) -> 1152.2131 | AC44: =IFERROR((EPRI_PI2026!$H$39/EPRI_PI2026!$F$39)^(1/6)-1,0) -> 0.081197905
A45: RI | B45: =IFERROR(EPRI_PI2026!$F$40,0) -> 3 | C45: =B45*(1+$AC45) -> 2.8039658 | D45: =C45*(1+$AC45) -> 2.6207414 | E45: =D45*(1+$AC45) -> 2.4494897 | F45: =E45*(1+$AC45) -> 2.2894285 | G45: =F45*(1+$AC45) -> 2.1398264 | H45: =G45*(1+$AC45) -> 2 | I45: =H45*(1+$AC45/Keys!$C$7^ROUNDUP((I$8-Keys!$C$6)/Keys!$C$8,0)) -> 1.9673276 | J45: =I45*(1+$AC45/Keys!$C$7^ROUNDUP((J$8-Keys!$C$6)/Keys!$C$8,0)) -> 1.935189 | K45: =J45*(1+$AC45/Keys!$C$7^ROUNDUP((K$8-Keys!$C$6)/Keys!$C$8,0)) -> 1.9035754 | L45: =K45*(1+$AC45/Keys!$C$7^ROUNDUP((L$8-Keys!$C$6)/Keys!$C$8,0)) -> 1.8724782 | M45: =L45*(1+$AC45/Keys!$C$7^ROUNDUP((M$8-Keys!$C$6)/Keys!$C$8,0)) -> 1.8418891 | N45: =M45*(1+$AC45/Keys!$C$7^ROUNDUP((N$8-Keys!$C$6)/Keys!$C$8,0)) -> 1.8343667 | O45: =N45*(1+$AC45/Keys!$C$7^ROUNDUP((O$8-Keys!$C$6)/Keys!$C$8,0)) -> 1.8268751 | P45: =O45*(1+$AC45/Keys!$C$7^ROUNDUP((P$8-Keys!$C$6)/Keys!$C$8,0)) -> 1.8194141 | ... AB45: =AA45*(1+$AC45/Keys!$C$7^ROUNDUP((AB$8-Keys!$C$6)/Keys!$C$8,0)) -> 1.7930993 | AC45: =IFERROR((EPRI_PI2026!$H$40/EPRI_PI2026!$F$40)^(1/6)-1,0) -> -0.065344735
A46: SC | B46: =IFERROR(EPRI_PI2026!$F$41,0) -> 551 | C46: =B46*(1+$AC46) -> 594.69738 | D46: =C46*(1+$AC46) -> 641.86021 | E46: =D46*(1+$AC46) -> 692.76331 | F46: =E46*(1+$AC46) -> 747.70331 | G46: =F46*(1+$AC46) -> 807.00036 | H46: =G46*(1+$AC46) -> 871 | I46: =H46*(1+$AC46/Keys!$C$7^ROUNDUP((I$8-Keys!$C$6)/Keys!$C$8,0)) -> 888.26879 | J46: =I46*(1+$AC46/Keys!$C$7^ROUNDUP((J$8-Keys!$C$6)/Keys!$C$8,0)) -> 905.87996 | K46: =J46*(1+$AC46/Keys!$C$7^ROUNDUP((K$8-Keys!$C$6)/Keys!$C$8,0)) -> 923.8403 | L46: =K46*(1+$AC46/Keys!$C$7^ROUNDUP((L$8-Keys!$C$6)/Keys!$C$8,0)) -> 942.15672 | M46: =L46*(1+$AC46/Keys!$C$7^ROUNDUP((M$8-Keys!$C$6)/Keys!$C$8,0)) -> 960.8363 | N46: =M46*(1+$AC46/Keys!$C$7^ROUNDUP((N$8-Keys!$C$6)/Keys!$C$8,0)) -> 965.59878 | O46: =N46*(1+$AC46/Keys!$C$7^ROUNDUP((O$8-Keys!$C$6)/Keys!$C$8,0)) -> 970.38486 | P46: =O46*(1+$AC46/Keys!$C$7^ROUNDUP((P$8-Keys!$C$6)/Keys!$C$8,0)) -> 975.19467 | ... AB46: =AA46*(1+$AC46/Keys!$C$7^ROUNDUP((AB$8-Keys!$C$6)/Keys!$C$8,0)) -> 992.53913 | AC46: =IFERROR((EPRI_PI2026!$H$41/EPRI_PI2026!$F$41)^(1/6)-1,0) -> 0.079305589
A47: SD | B47: =IFERROR(EPRI_PI2026!$F$42,0) -> 30 | C47: =B47*(1+$AC47) -> 28.700471 | D47: =C47*(1+$AC47) -> 27.457234 | E47: =D47*(1+$AC47) -> 26.267851 | F47: =E47*(1+$AC47) -> 25.12999 | G47: =F47*(1+$AC47) -> 24.041418 | H47: =G47*(1+$AC47) -> 23 | I47: =H47*(1+$AC47/Keys!$C$7^ROUNDUP((I$8-Keys!$C$6)/Keys!$C$8,0)) -> 22.750924 | J47: =I47*(1+$AC47/Keys!$C$7^ROUNDUP((J$8-Keys!$C$6)/Keys!$C$8,0)) -> 22.504544 | K47: =J47*(1+$AC47/Keys!$C$7^ROUNDUP((K$8-Keys!$C$6)/Keys!$C$8,0)) -> 22.260833 | L47: =K47*(1+$AC47/Keys!$C$7^ROUNDUP((L$8-Keys!$C$6)/Keys!$C$8,0)) -> 22.019762 | M47: =L47*(1+$AC47/Keys!$C$7^ROUNDUP((M$8-Keys!$C$6)/Keys!$C$8,0)) -> 21.781301 | N47: =M47*(1+$AC47/Keys!$C$7^ROUNDUP((N$8-Keys!$C$6)/Keys!$C$8,0)) -> 21.722331 | O47: =N47*(1+$AC47/Keys!$C$7^ROUNDUP((O$8-Keys!$C$6)/Keys!$C$8,0)) -> 21.663521 | P47: =O47*(1+$AC47/Keys!$C$7^ROUNDUP((P$8-Keys!$C$6)/Keys!$C$8,0)) -> 21.60487 | ... AB47: =AA47*(1+$AC47/Keys!$C$7^ROUNDUP((AB$8-Keys!$C$6)/Keys!$C$8,0)) -> 21.397311 | AC47: =IFERROR((EPRI_PI2026!$H$42/EPRI_PI2026!$F$42)^(1/6)-1,0) -> -0.043317646
A48: TN | B48: =IFERROR(EPRI_PI2026!$F$43,0) -> 755 | C48: =B48*(1+$AC48) -> 763.11228 | D48: =C48*(1+$AC48) -> 771.31172 | E48: =D48*(1+$AC48) -> 779.59926 | F48: =E48*(1+$AC48) -> 787.97584 | G48: =F48*(1+$AC48) -> 796.44244 | H48: =G48*(1+$AC48) -> 805 | I48: =H48*(1+$AC48/Keys!$C$7^ROUNDUP((I$8-Keys!$C$6)/Keys!$C$8,0)) -> 807.16238 | J48: =I48*(1+$AC48/Keys!$C$7^ROUNDUP((J$8-Keys!$C$6)/Keys!$C$8,0)) -> 809.33056 | K48: =J48*(1+$AC48/Keys!$C$7^ROUNDUP((K$8-Keys!$C$6)/Keys!$C$8,0)) -> 811.50458 | L48: =K48*(1+$AC48/Keys!$C$7^ROUNDUP((L$8-Keys!$C$6)/Keys!$C$8,0)) -> 813.68443 | M48: =L48*(1+$AC48/Keys!$C$7^ROUNDUP((M$8-Keys!$C$6)/Keys!$C$8,0)) -> 815.87013 | N48: =M48*(1+$AC48/Keys!$C$7^ROUNDUP((N$8-Keys!$C$6)/Keys!$C$8,0)) -> 816.41803 | O48: =N48*(1+$AC48/Keys!$C$7^ROUNDUP((O$8-Keys!$C$6)/Keys!$C$8,0)) -> 816.96629 | P48: =O48*(1+$AC48/Keys!$C$7^ROUNDUP((P$8-Keys!$C$6)/Keys!$C$8,0)) -> 817.51492 | ... AB48: =AA48*(1+$AC48/Keys!$C$7^ROUNDUP((AB$8-Keys!$C$6)/Keys!$C$8,0)) -> 819.47264 | AC48: =IFERROR((EPRI_PI2026!$H$43/EPRI_PI2026!$F$43)^(1/6)-1,0) -> 0.010744736
A49: TX | B49: =IFERROR(EPRI_PI2026!$F$44,0) -> 7315 | C49: =B49*(1+$AC49) -> 7466.2916 | D49: =C49*(1+$AC49) -> 7620.7122 | E49: =D49*(1+$AC49) -> 7778.3266 | F49: =E49*(1+$AC49) -> 7939.2009 | G49: =F49*(1+$AC49) -> 8103.4024 | H49: =G49*(1+$AC49) -> 8271 | I49: =H49*(1+$AC49/Keys!$C$7^ROUNDUP((I$8-Keys!$C$6)/Keys!$C$8,0)) -> 8313.766 | J49: =I49*(1+$AC49/Keys!$C$7^ROUNDUP((J$8-Keys!$C$6)/Keys!$C$8,0)) -> 8356.7531 | K49: =J49*(1+$AC49/Keys!$C$7^ROUNDUP((K$8-Keys!$C$6)/Keys!$C$8,0)) -> 8399.9625 | L49: =K49*(1+$AC49/Keys!$C$7^ROUNDUP((L$8-Keys!$C$6)/Keys!$C$8,0)) -> 8443.3952 | M49: =L49*(1+$AC49/Keys!$C$7^ROUNDUP((M$8-Keys!$C$6)/Keys!$C$8,0)) -> 8487.0526 | N49: =M49*(1+$AC49/Keys!$C$7^ROUNDUP((N$8-Keys!$C$6)/Keys!$C$8,0)) -> 8498.0234 | O49: =N49*(1+$AC49/Keys!$C$7^ROUNDUP((O$8-Keys!$C$6)/Keys!$C$8,0)) -> 8509.0083 | P49: =O49*(1+$AC49/Keys!$C$7^ROUNDUP((P$8-Keys!$C$6)/Keys!$C$8,0)) -> 8520.0075 | ... AB49: =AA49*(1+$AC49/Keys!$C$7^ROUNDUP((AB$8-Keys!$C$6)/Keys!$C$8,0)) -> 8559.3165 | AC49: =IFERROR((EPRI_PI2026!$H$44/EPRI_PI2026!$F$44)^(1/6)-1,0) -> 0.020682374
A50: UT | B50: =IFERROR(EPRI_PI2026!$F$45,0) -> 497 | C50: =B50*(1+$AC50) -> 498.48881 | D50: =C50*(1+$AC50) -> 499.98207 | E50: =D50*(1+$AC50) -> 501.47981 | F50: =E50*(1+$AC50) -> 502.98204 | G50: =F50*(1+$AC50) -> 504.48876 | H50: =G50*(1+$AC50) -> 506 | I50: =H50*(1+$AC50/Keys!$C$7^ROUNDUP((I$8-Keys!$C$6)/Keys!$C$8,0)) -> 506.37894 | J50: =I50*(1+$AC50/Keys!$C$7^ROUNDUP((J$8-Keys!$C$6)/Keys!$C$8,0)) -> 506.75817 | K50: =J50*(1+$AC50/Keys!$C$7^ROUNDUP((K$8-Keys!$C$6)/Keys!$C$8,0)) -> 507.13768 | L50: =K50*(1+$AC50/Keys!$C$7^ROUNDUP((L$8-Keys!$C$6)/Keys!$C$8,0)) -> 507.51747 | M50: =L50*(1+$AC50/Keys!$C$7^ROUNDUP((M$8-Keys!$C$6)/Keys!$C$8,0)) -> 507.89755 | N50: =M50*(1+$AC50/Keys!$C$7^ROUNDUP((N$8-Keys!$C$6)/Keys!$C$8,0)) -> 507.99264 | O50: =N50*(1+$AC50/Keys!$C$7^ROUNDUP((O$8-Keys!$C$6)/Keys!$C$8,0)) -> 508.08775 | P50: =O50*(1+$AC50/Keys!$C$7^ROUNDUP((P$8-Keys!$C$6)/Keys!$C$8,0)) -> 508.18287 | ... AB50: =AA50*(1+$AC50/Keys!$C$7^ROUNDUP((AB$8-Keys!$C$6)/Keys!$C$8,0)) -> 508.52192 | AC50: =IFERROR((EPRI_PI2026!$H$45/EPRI_PI2026!$F$45)^(1/6)-1,0) -> 0.002995585
A51: VT | B51: =IFERROR(EPRI_PI2026!$F$46,0) -> 2 | C51: =B51*(1+$AC51) -> 1.7817974 | D51: =C51*(1+$AC51) -> 1.5874011 | E51: =D51*(1+$AC51) -> 1.4142136 | F51: =E51*(1+$AC51) -> 1.259921 | G51: =F51*(1+$AC51) -> 1.122462 | H51: =G51*(1+$AC51) -> 1 | I51: =H51*(1+$AC51/Keys!$C$7^ROUNDUP((I$8-Keys!$C$6)/Keys!$C$8,0)) -> 0.97272468 | J51: =I51*(1+$AC51/Keys!$C$7^ROUNDUP((J$8-Keys!$C$6)/Keys!$C$8,0)) -> 0.9461933 | K51: =J51*(1+$AC51/Keys!$C$7^ROUNDUP((K$8-Keys!$C$6)/Keys!$C$8,0)) -> 0.92038558 | L51: =K51*(1+$AC51/Keys!$C$7^ROUNDUP((L$8-Keys!$C$6)/Keys!$C$8,0)) -> 0.89528177 | M51: =L51*(1+$AC51/Keys!$C$7^ROUNDUP((M$8-Keys!$C$6)/Keys!$C$8,0)) -> 0.87086267 | N51: =M51*(1+$AC51/Keys!$C$7^ROUNDUP((N$8-Keys!$C$6)/Keys!$C$8,0)) -> 0.8649244 | O51: =N51*(1+$AC51/Keys!$C$7^ROUNDUP((O$8-Keys!$C$6)/Keys!$C$8,0)) -> 0.85902663 | P51: =O51*(1+$AC51/Keys!$C$7^ROUNDUP((P$8-Keys!$C$6)/Keys!$C$8,0)) -> 0.85316907 | ... AB51: =AA51*(1+$AC51/Keys!$C$7^ROUNDUP((AB$8-Keys!$C$6)/Keys!$C$8,0)) -> 0.8326482 | AC51: =IFERROR((EPRI_PI2026!$H$46/EPRI_PI2026!$F$46)^(1/6)-1,0) -> -0.10910128
A52: VA | B52: =IFERROR(EPRI_PI2026!$F$47,0) -> 6367 | C52: =B52*(1+$AC52) -> 7093.8333 | D52: =C52*(1+$AC52) -> 7903.6393 | E52: =D52*(1+$AC52) -> 8805.8897 | F52: =E52*(1+$AC52) -> 9811.1377 | G52: =F52*(1+$AC52) -> 10931.141 | H52: =G52*(1+$AC52) -> 12179 | I52: =H52*(1+$AC52/Keys!$C$7^ROUNDUP((I$8-Keys!$C$6)/Keys!$C$8,0)) -> 12526.577 | J52: =I52*(1+$AC52/Keys!$C$7^ROUNDUP((J$8-Keys!$C$6)/Keys!$C$8,0)) -> 12884.074 | K52: =J52*(1+$AC52/Keys!$C$7^ROUNDUP((K$8-Keys!$C$6)/Keys!$C$8,0)) -> 13251.774 | L52: =K52*(1+$AC52/Keys!$C$7^ROUNDUP((L$8-Keys!$C$6)/Keys!$C$8,0)) -> 13629.968 | M52: =L52*(1+$AC52/Keys!$C$7^ROUNDUP((M$8-Keys!$C$6)/Keys!$C$8,0)) -> 14018.954 | N52: =M52*(1+$AC52/Keys!$C$7^ROUNDUP((N$8-Keys!$C$6)/Keys!$C$8,0)) -> 14118.976 | O52: =N52*(1+$AC52/Keys!$C$7^ROUNDUP((O$8-Keys!$C$6)/Keys!$C$8,0)) -> 14219.712 | P52: =O52*(1+$AC52/Keys!$C$7^ROUNDUP((P$8-Keys!$C$6)/Keys!$C$8,0)) -> 14321.166 | ... AB52: =AA52*(1+$AC52/Keys!$C$7^ROUNDUP((AB$8-Keys!$C$6)/Keys!$C$8,0)) -> 14688.974 | AC52: =IFERROR((EPRI_PI2026!$H$47/EPRI_PI2026!$F$47)^(1/6)-1,0) -> 0.11415633
A53: WA | B53: =IFERROR(EPRI_PI2026!$F$48,0) -> 1163 | C53: =B53*(1+$AC53) -> 1155.5483 | D53: =C53*(1+$AC53) -> 1148.1444 | E53: =D53*(1+$AC53) -> 1140.7879 | F53: =E53*(1+$AC53) -> 1133.4785 | G53: =F53*(1+$AC53) -> 1126.216 | H53: =G53*(1+$AC53) -> 1119 | I53: =H53*(1+$AC53/Keys!$C$7^ROUNDUP((I$8-Keys!$C$6)/Keys!$C$8,0)) -> 1117.2076 | J53: =I53*(1+$AC53/Keys!$C$7^ROUNDUP((J$8-Keys!$C$6)/Keys!$C$8,0)) -> 1115.418 | K53: =J53*(1+$AC53/Keys!$C$7^ROUNDUP((K$8-Keys!$C$6)/Keys!$C$8,0)) -> 1113.6313 | L53: =K53*(1+$AC53/Keys!$C$7^ROUNDUP((L$8-Keys!$C$6)/Keys!$C$8,0)) -> 1111.8474 | M53: =L53*(1+$AC53/Keys!$C$7^ROUNDUP((M$8-Keys!$C$6)/Keys!$C$8,0)) -> 1110.0665 | N53: =M53*(1+$AC53/Keys!$C$7^ROUNDUP((N$8-Keys!$C$6)/Keys!$C$8,0)) -> 1109.6219 | O53: =N53*(1+$AC53/Keys!$C$7^ROUNDUP((O$8-Keys!$C$6)/Keys!$C$8,0)) -> 1109.1776 | P53: =O53*(1+$AC53/Keys!$C$7^ROUNDUP((P$8-Keys!$C$6)/Keys!$C$8,0)) -> 1108.7334 | ... AB53: =AA53*(1+$AC53/Keys!$C$7^ROUNDUP((AB$8-Keys!$C$6)/Keys!$C$8,0)) -> 1107.1526 | AC53: =IFERROR((EPRI_PI2026!$H$48/EPRI_PI2026!$F$48)^(1/6)-1,0) -> -0.0064072926
A54: WV | B54: 0 | C54: =B54*(1+$AC54) -> 0 | D54: =C54*(1+$AC54) -> 0 | E54: =D54*(1+$AC54) -> 0 | F54: =E54*(1+$AC54) -> 0 | G54: =F54*(1+$AC54) -> 0 | H54: =G54*(1+$AC54) -> 0 | I54: =H54*(1+$AC54/Keys!$C$7^ROUNDUP((I$8-Keys!$C$6)/Keys!$C$8,0)) -> 0 | J54: =I54*(1+$AC54/Keys!$C$7^ROUNDUP((J$8-Keys!$C$6)/Keys!$C$8,0)) -> 0 | K54: =J54*(1+$AC54/Keys!$C$7^ROUNDUP((K$8-Keys!$C$6)/Keys!$C$8,0)) -> 0 | L54: =K54*(1+$AC54/Keys!$C$7^ROUNDUP((L$8-Keys!$C$6)/Keys!$C$8,0)) -> 0 | M54: =L54*(1+$AC54/Keys!$C$7^ROUNDUP((M$8-Keys!$C$6)/Keys!$C$8,0)) -> 0 | N54: =M54*(1+$AC54/Keys!$C$7^ROUNDUP((N$8-Keys!$C$6)/Keys!$C$8,0)) -> 0 | O54: =N54*(1+$AC54/Keys!$C$7^ROUNDUP((O$8-Keys!$C$6)/Keys!$C$8,0)) -> 0 | P54: =O54*(1+$AC54/Keys!$C$7^ROUNDUP((P$8-Keys!$C$6)/Keys!$C$8,0)) -> 0 | ... AB54: =AA54*(1+$AC54/Keys!$C$7^ROUNDUP((AB$8-Keys!$C$6)/Keys!$C$8,0)) -> 0 | AC54: 0
A55: WI | B55: =IFERROR(EPRI_PI2026!$F$49,0) -> 83 | C55: =B55*(1+$AC55) -> 92.006504 | D55: =C55*(1+$AC55) -> 101.99032 | E55: =D55*(1+$AC55) -> 113.05751 | F55: =E55*(1+$AC55) -> 125.32562 | G55: =F55*(1+$AC55) -> 138.92496 | H55: =G55*(1+$AC55) -> 154 | I55: =H55*(1+$AC55/Keys!$C$7^ROUNDUP((I$8-Keys!$C$6)/Keys!$C$8,0)) -> 158.17772 | J55: =I55*(1+$AC55/Keys!$C$7^ROUNDUP((J$8-Keys!$C$6)/Keys!$C$8,0)) -> 162.46876 | K55: =J55*(1+$AC55/Keys!$C$7^ROUNDUP((K$8-Keys!$C$6)/Keys!$C$8,0)) -> 166.87622 | L55: =K55*(1+$AC55/Keys!$C$7^ROUNDUP((L$8-Keys!$C$6)/Keys!$C$8,0)) -> 171.40324 | M55: =L55*(1+$AC55/Keys!$C$7^ROUNDUP((M$8-Keys!$C$6)/Keys!$C$8,0)) -> 176.05308 | N55: =M55*(1+$AC55/Keys!$C$7^ROUNDUP((N$8-Keys!$C$6)/Keys!$C$8,0)) -> 177.24707 | O55: =N55*(1+$AC55/Keys!$C$7^ROUNDUP((O$8-Keys!$C$6)/Keys!$C$8,0)) -> 178.44916 | P55: =O55*(1+$AC55/Keys!$C$7^ROUNDUP((P$8-Keys!$C$6)/Keys!$C$8,0)) -> 179.6594 | ... AB55: =AA55*(1+$AC55/Keys!$C$7^ROUNDUP((AB$8-Keys!$C$6)/Keys!$C$8,0)) -> 184.04317 | AC55: =IFERROR((EPRI_PI2026!$H$49/EPRI_PI2026!$F$49)^(1/6)-1,0) -> 0.1085121
A56: WY | B56: =IFERROR(EPRI_PI2026!$F$50,0) -> 341 | C56: =B56*(1+$AC56) -> 358.83281 | D56: =C56*(1+$AC56) -> 377.5982 | E56: =D56*(1+$AC56) -> 397.34494 | F56: =E56*(1+$AC56) -> 418.12434 | G56: =F56*(1+$AC56) -> 439.99042 | H56: =G56*(1+$AC56) -> 463 | I56: =H56*(1+$AC56/Keys!$C$7^ROUNDUP((I$8-Keys!$C$6)/Keys!$C$8,0)) -> 469.05322 | J56: =I56*(1+$AC56/Keys!$C$7^ROUNDUP((J$8-Keys!$C$6)/Keys!$C$8,0)) -> 475.18558 | K56: =J56*(1+$AC56/Keys!$C$7^ROUNDUP((K$8-Keys!$C$6)/Keys!$C$8,0)) -> 481.39811 | L56: =K56*(1+$AC56/Keys!$C$7^ROUNDUP((L$8-Keys!$C$6)/Keys!$C$8,0)) -> 487.69187 | M56: =L56*(1+$AC56/Keys!$C$7^ROUNDUP((M$8-Keys!$C$6)/Keys!$C$8,0)) -> 494.06791 | N56: =M56*(1+$AC56/Keys!$C$7^ROUNDUP((N$8-Keys!$C$6)/Keys!$C$8,0)) -> 495.68275 | O56: =N56*(1+$AC56/Keys!$C$7^ROUNDUP((O$8-Keys!$C$6)/Keys!$C$8,0)) -> 497.30288 | P56: =O56*(1+$AC56/Keys!$C$7^ROUNDUP((P$8-Keys!$C$6)/Keys!$C$8,0)) -> 498.92831 | ... AB56: =AA56*(1+$AC56/Keys!$C$7^ROUNDUP((AB$8-Keys!$C$6)/Keys!$C$8,0)) -> 504.76548 | AC56: =IFERROR((EPRI_PI2026!$H$50/EPRI_PI2026!$F$50)^(1/6)-1,0) -> 0.052295634
A57: LOW SUM (48 states) | B57: =SUM(B9:B56) -> 39766 | C57: =SUM(C9:C56) -> 41603.894 | D57: =SUM(D9:D56) -> 43676.718 | E57: =SUM(E9:E56) -> 46042.286 | F57: =SUM(F9:F56) -> 48786.989 | G57: =SUM(G9:G56) -> 52047.259 | H57: =SUM(H9:H56) -> 56051 | I57: =SUM(I9:I56) -> 57338.157 | ... AB57: =SUM(AB9:AB56) -> 67845.405
A59: STEP 2M — MED capacity path (MW): single 2024 base (raw col F = 2024 MEDIUM) -> scenario 2030 endpoint (raw col I), geometric; then growth / decay_factor per decay_period after interp_end (Keys).
A60: state \ year | B60: 2024 | C60: 2025 | D60: 2026 | E60: 2027 | F60: 2028 | G60: 2029 | H60: 2030 | I60: 2031 | J60: 2032 | K60: 2033 | L60: 2034 | M60: 2035 | N60: 2036 | O60: 2037 | P60: 2038 | Q60: 2039 | R60: 2040 | S60: 2041 | T60: 2042 | U60: 2043 | V60: 2044 | W60: 2045 | X60: 2046 | Y60: 2047 | Z60: 2048 | AA60: 2049 | AB60: 2050 | AC60: g (2025-30 annual)
A61: AL | B61: =IFERROR(EPRI_PI2026!$F$2,0) -> 353 | C61: =B61*(1+$AC61) -> 402.86668 | D61: =C61*(1+$AC61) -> 459.77781 | E61: =D61*(1+$AC61) -> 524.7285 | F61: =E61*(1+$AC61) -> 598.85448 | G61: =F61*(1+$AC61) -> 683.4519 | H61: =G61*(1+$AC61) -> 780 | I61: =H61*(1+$AC61/Keys!$C$7^ROUNDUP((I$60-Keys!$C$6)/Keys!$C$8,0)) -> 807.54675 | J61: =I61*(1+$AC61/Keys!$C$7^ROUNDUP((J$60-Keys!$C$6)/Keys!$C$8,0)) -> 836.06636 | K61: =J61*(1+$AC61/Keys!$C$7^ROUNDUP((K$60-Keys!$C$6)/Keys!$C$8,0)) -> 865.59317 | L61: =K61*(1+$AC61/Keys!$C$7^ROUNDUP((L$60-Keys!$C$6)/Keys!$C$8,0)) -> 896.16276 | M61: =L61*(1+$AC61/Keys!$C$7^ROUNDUP((M$60-Keys!$C$6)/Keys!$C$8,0)) -> 927.81195 | N61: =M61*(1+$AC61/Keys!$C$7^ROUNDUP((N$60-Keys!$C$6)/Keys!$C$8,0)) -> 936.00369 | O61: =N61*(1+$AC61/Keys!$C$7^ROUNDUP((O$60-Keys!$C$6)/Keys!$C$8,0)) -> 944.26774 | P61: =O61*(1+$AC61/Keys!$C$7^ROUNDUP((P$60-Keys!$C$6)/Keys!$C$8,0)) -> 952.60477 | ... AB61: =AA61*(1+$AC61/Keys!$C$7^ROUNDUP((AB$60-Keys!$C$6)/Keys!$C$8,0)) -> 982.95496 | AC61: =IFERROR((EPRI_PI2026!$I$2/EPRI_PI2026!$F$2)^(1/6)-1,0) -> 0.1412654
A62: AZ | B62: =IFERROR(EPRI_PI2026!$F$5,0) -> 1864 | C62: =B62*(1+$AC62) -> 2103.8015 | D62: =C62*(1+$AC62) -> 2374.4532 | E62: =D62*(1+$AC62) -> 2679.9239 | F62: =E62*(1+$AC62) -> 3024.6931 | G62: =F62*(1+$AC62) -> 3413.8164 | H62: =G62*(1+$AC62) -> 3853 | I62: =H62*(1+$AC62/Keys!$C$7^ROUNDUP((I$60-Keys!$C$6)/Keys!$C$8,0)) -> 3976.921 | J62: =I62*(1+$AC62/Keys!$C$7^ROUNDUP((J$60-Keys!$C$6)/Keys!$C$8,0)) -> 4104.8276 | K62: =J62*(1+$AC62/Keys!$C$7^ROUNDUP((K$60-Keys!$C$6)/Keys!$C$8,0)) -> 4236.848 | L62: =K62*(1+$AC62/Keys!$C$7^ROUNDUP((L$60-Keys!$C$6)/Keys!$C$8,0)) -> 4373.1144 | M62: =L62*(1+$AC62/Keys!$C$7^ROUNDUP((M$60-Keys!$C$6)/Keys!$C$8,0)) -> 4513.7635 | N62: =M62*(1+$AC62/Keys!$C$7^ROUNDUP((N$60-Keys!$C$6)/Keys!$C$8,0)) -> 4550.0566 | O62: =N62*(1+$AC62/Keys!$C$7^ROUNDUP((O$60-Keys!$C$6)/Keys!$C$8,0)) -> 4586.6416 | P62: =O62*(1+$AC62/Keys!$C$7^ROUNDUP((P$60-Keys!$C$6)/Keys!$C$8,0)) -> 4623.5207 | ... AB62: =AA62*(1+$AC62/Keys!$C$7^ROUNDUP((AB$60-Keys!$C$6)/Keys!$C$8,0)) -> 4757.5172 | AC62: =IFERROR((EPRI_PI2026!$I$5/EPRI_PI2026!$F$5)^(1/6)-1,0) -> 0.12864887
A63: AR | B63: =IFERROR(EPRI_PI2026!$F$4,0) -> 11 | C63: =B63*(1+$AC63) -> 11 | D63: =C63*(1+$AC63) -> 11 | E63: =D63*(1+$AC63) -> 11 | F63: =E63*(1+$AC63) -> 11 | G63: =F63*(1+$AC63) -> 11 | H63: =G63*(1+$AC63) -> 11 | I63: =H63*(1+$AC63/Keys!$C$7^ROUNDUP((I$60-Keys!$C$6)/Keys!$C$8,0)) -> 11 | J63: =I63*(1+$AC63/Keys!$C$7^ROUNDUP((J$60-Keys!$C$6)/Keys!$C$8,0)) -> 11 | K63: =J63*(1+$AC63/Keys!$C$7^ROUNDUP((K$60-Keys!$C$6)/Keys!$C$8,0)) -> 11 | L63: =K63*(1+$AC63/Keys!$C$7^ROUNDUP((L$60-Keys!$C$6)/Keys!$C$8,0)) -> 11 | M63: =L63*(1+$AC63/Keys!$C$7^ROUNDUP((M$60-Keys!$C$6)/Keys!$C$8,0)) -> 11 | N63: =M63*(1+$AC63/Keys!$C$7^ROUNDUP((N$60-Keys!$C$6)/Keys!$C$8,0)) -> 11 | O63: =N63*(1+$AC63/Keys!$C$7^ROUNDUP((O$60-Keys!$C$6)/Keys!$C$8,0)) -> 11 | P63: =O63*(1+$AC63/Keys!$C$7^ROUNDUP((P$60-Keys!$C$6)/Keys!$C$8,0)) -> 11 | ... AB63: =AA63*(1+$AC63/Keys!$C$7^ROUNDUP((AB$60-Keys!$C$6)/Keys!$C$8,0)) -> 11 | AC63: =IFERROR((EPRI_PI2026!$I$4/EPRI_PI2026!$F$4)^(1/6)-1,0) -> 0
A64: CA | B64: =IFERROR(EPRI_PI2026!$F$6,0) -> 1496 | C64: =B64*(1+$AC64) -> 1606.713 | D64: =C64*(1+$AC64) -> 1725.6194 | E64: =D64*(1+$AC64) -> 1853.3257 | F64: =E64*(1+$AC64) -> 1990.4829 | G64: =F64*(1+$AC64) -> 2137.7906 | H64: =G64*(1+$AC64) -> 2296 | I64: =H64*(1+$AC64/Keys!$C$7^ROUNDUP((I$60-Keys!$C$6)/Keys!$C$8,0)) -> 2338.4795 | J64: =I64*(1+$AC64/Keys!$C$7^ROUNDUP((J$60-Keys!$C$6)/Keys!$C$8,0)) -> 2381.7448 | K64: =J64*(1+$AC64/Keys!$C$7^ROUNDUP((K$60-Keys!$C$6)/Keys!$C$8,0)) -> 2425.8107 | L64: =K64*(1+$AC64/Keys!$C$7^ROUNDUP((L$60-Keys!$C$6)/Keys!$C$8,0)) -> 2470.6919 | M64: =L64*(1+$AC64/Keys!$C$7^ROUNDUP((M$60-Keys!$C$6)/Keys!$C$8,0)) -> 2516.4034 | N64: =M64*(1+$AC64/Keys!$C$7^ROUNDUP((N$60-Keys!$C$6)/Keys!$C$8,0)) -> 2528.0427 | O64: =N64*(1+$AC64/Keys!$C$7^ROUNDUP((O$60-Keys!$C$6)/Keys!$C$8,0)) -> 2539.7358 | P64: =O64*(1+$AC64/Keys!$C$7^ROUNDUP((P$60-Keys!$C$6)/Keys!$C$8,0)) -> 2551.4831 | ... AB64: =AA64*(1+$AC64/Keys!$C$7^ROUNDUP((AB$60-Keys!$C$6)/Keys!$C$8,0)) -> 2593.8099 | AC64: =IFERROR((EPRI_PI2026!$I$6/EPRI_PI2026!$F$6)^(1/6)-1,0) -> 0.074006018
A65: CO | B65: =IFERROR(EPRI_PI2026!$F$7,0) -> 241 | C65: =B65*(1+$AC65) -> 262.67038 | D65: =C65*(1+$AC65) -> 286.28932 | E65: =D65*(1+$AC65) -> 312.03205 | F65: =E65*(1+$AC65) -> 340.08953 | G65: =F65*(1+$AC65) -> 370.66989 | H65: =G65*(1+$AC65) -> 404 | I65: =H65*(1+$AC65/Keys!$C$7^ROUNDUP((I$60-Keys!$C$6)/Keys!$C$8,0)) -> 413.08178 | J65: =I65*(1+$AC65/Keys!$C$7^ROUNDUP((J$60-Keys!$C$6)/Keys!$C$8,0)) -> 422.36771 | K65: =J65*(1+$AC65/Keys!$C$7^ROUNDUP((K$60-Keys!$C$6)/Keys!$C$8,0)) -> 431.86238 | L65: =K65*(1+$AC65/Keys!$C$7^ROUNDUP((L$60-Keys!$C$6)/Keys!$C$8,0)) -> 441.57049 | M65: =L65*(1+$AC65/Keys!$C$7^ROUNDUP((M$60-Keys!$C$6)/Keys!$C$8,0)) -> 451.49684 | N65: =M65*(1+$AC65/Keys!$C$7^ROUNDUP((N$60-Keys!$C$6)/Keys!$C$8,0)) -> 454.03421 | O65: =N65*(1+$AC65/Keys!$C$7^ROUNDUP((O$60-Keys!$C$6)/Keys!$C$8,0)) -> 456.58585 | P65: =O65*(1+$AC65/Keys!$C$7^ROUNDUP((P$60-Keys!$C$6)/Keys!$C$8,0)) -> 459.15182 | ... AB65: =AA65*(1+$AC65/Keys!$C$7^ROUNDUP((AB$60-Keys!$C$6)/Keys!$C$8,0)) -> 468.41991 | AC65: =IFERROR((EPRI_PI2026!$I$7/EPRI_PI2026!$F$7)^(1/6)-1,0) -> 0.089918574
A66: CT | B66: =IFERROR(EPRI_PI2026!$F$8,0) -> 29 | C66: =B66*(1+$AC66) -> 41.330061 | D66: =C66*(1+$AC66) -> 58.902549 | E66: =D66*(1+$AC66) -> 83.946411 | F66: =E66*(1+$AC66) -> 119.63829 | G66: =F66*(1+$AC66) -> 170.50544 | H66: =G66*(1+$AC66) -> 243 | I66: =H66*(1+$AC66/Keys!$C$7^ROUNDUP((I$60-Keys!$C$6)/Keys!$C$8,0)) -> 268.82935 | J66: =I66*(1+$AC66/Keys!$C$7^ROUNDUP((J$60-Keys!$C$6)/Keys!$C$8,0)) -> 297.4042 | K66: =J66*(1+$AC66/Keys!$C$7^ROUNDUP((K$60-Keys!$C$6)/Keys!$C$8,0)) -> 329.01637 | L66: =K66*(1+$AC66/Keys!$C$7^ROUNDUP((L$60-Keys!$C$6)/Keys!$C$8,0)) -> 363.98871 | M66: =L66*(1+$AC66/Keys!$C$7^ROUNDUP((M$60-Keys!$C$6)/Keys!$C$8,0)) -> 402.67839 | N66: =M66*(1+$AC66/Keys!$C$7^ROUNDUP((N$60-Keys!$C$6)/Keys!$C$8,0)) -> 413.37893 | O66: =N66*(1+$AC66/Keys!$C$7^ROUNDUP((O$60-Keys!$C$6)/Keys!$C$8,0)) -> 424.36382 | P66: =O66*(1+$AC66/Keys!$C$7^ROUNDUP((P$60-Keys!$C$6)/Keys!$C$8,0)) -> 435.64061 | ... AB66: =AA66*(1+$AC66/Keys!$C$7^ROUNDUP((AB$60-Keys!$C$6)/Keys!$C$8,0)) -> 478.50887 | AC66: =IFERROR((EPRI_PI2026!$I$8/EPRI_PI2026!$F$8)^(1/6)-1,0) -> 0.42517451
A67: DE | B67: =IFERROR(EPRI_PI2026!$F$9,0) -> 14 | C67: =B67*(1+$AC67) -> 14 | D67: =C67*(1+$AC67) -> 14 | E67: =D67*(1+$AC67) -> 14 | F67: =E67*(1+$AC67) -> 14 | G67: =F67*(1+$AC67) -> 14 | H67: =G67*(1+$AC67) -> 14 | I67: =H67*(1+$AC67/Keys!$C$7^ROUNDUP((I$60-Keys!$C$6)/Keys!$C$8,0)) -> 14 | J67: =I67*(1+$AC67/Keys!$C$7^ROUNDUP((J$60-Keys!$C$6)/Keys!$C$8,0)) -> 14 | K67: =J67*(1+$AC67/Keys!$C$7^ROUNDUP((K$60-Keys!$C$6)/Keys!$C$8,0)) -> 14 | L67: =K67*(1+$AC67/Keys!$C$7^ROUNDUP((L$60-Keys!$C$6)/Keys!$C$8,0)) -> 14 | M67: =L67*(1+$AC67/Keys!$C$7^ROUNDUP((M$60-Keys!$C$6)/Keys!$C$8,0)) -> 14 | N67: =M67*(1+$AC67/Keys!$C$7^ROUNDUP((N$60-Keys!$C$6)/Keys!$C$8,0)) -> 14 | O67: =N67*(1+$AC67/Keys!$C$7^ROUNDUP((O$60-Keys!$C$6)/Keys!$C$8,0)) -> 14 | P67: =O67*(1+$AC67/Keys!$C$7^ROUNDUP((P$60-Keys!$C$6)/Keys!$C$8,0)) -> 14 | ... AB67: =AA67*(1+$AC67/Keys!$C$7^ROUNDUP((AB$60-Keys!$C$6)/Keys!$C$8,0)) -> 14 | AC67: =IFERROR((EPRI_PI2026!$I$9/EPRI_PI2026!$F$9)^(1/6)-1,0) -> 0
A68: FL | B68: =IFERROR(EPRI_PI2026!$F$10,0) -> 188 | C68: =B68*(1+$AC68) -> 223.02494 | D68: =C68*(1+$AC68) -> 264.57512 | E68: =D68*(1+$AC68) -> 313.86621 | F68: =E68*(1+$AC68) -> 372.34038 | G68: =F68*(1+$AC68) -> 441.70846 | H68: =G68*(1+$AC68) -> 524 | I68: =H68*(1+$AC68/Keys!$C$7^ROUNDUP((I$60-Keys!$C$6)/Keys!$C$8,0)) -> 548.40567 | J68: =I68*(1+$AC68/Keys!$C$7^ROUNDUP((J$60-Keys!$C$6)/Keys!$C$8,0)) -> 573.94806 | K68: =J68*(1+$AC68/Keys!$C$7^ROUNDUP((K$60-Keys!$C$6)/Keys!$C$8,0)) -> 600.6801 | L68: =K68*(1+$AC68/Keys!$C$7^ROUNDUP((L$60-Keys!$C$6)/Keys!$C$8,0)) -> 628.6572 | M68: =L68*(1+$AC68/Keys!$C$7^ROUNDUP((M$60-Keys!$C$6)/Keys!$C$8,0)) -> 657.93736 | N68: =M68*(1+$AC68/Keys!$C$7^ROUNDUP((N$60-Keys!$C$6)/Keys!$C$8,0)) -> 665.59833 | O68: =N68*(1+$AC68/Keys!$C$7^ROUNDUP((O$60-Keys!$C$6)/Keys!$C$8,0)) -> 673.34851 | P68: =O68*(1+$AC68/Keys!$C$7^ROUNDUP((P$60-Keys!$C$6)/Keys!$C$8,0)) -> 681.18893 | ... AB68: =AA68*(1+$AC68/Keys!$C$7^ROUNDUP((AB$60-Keys!$C$6)/Keys!$C$8,0)) -> 709.92845 | AC68: =IFERROR((EPRI_PI2026!$I$10/EPRI_PI2026!$F$10)^(1/6)-1,0) -> 0.18630285
A69: GA | B69: =IFERROR(EPRI_PI2026!$F$11,0) -> 1774 | C69: =B69*(1+$AC69) -> 2132.8573 | D69: =C69*(1+$AC69) -> 2564.3068 | E69: =D69*(1+$AC69) -> 3083.0329 | F69: =E69*(1+$AC69) -> 3706.6907 | G69: =F69*(1+$AC69) -> 4456.5063 | H69: =G69*(1+$AC69) -> 5358 | I69: =H69*(1+$AC69/Keys!$C$7^ROUNDUP((I$60-Keys!$C$6)/Keys!$C$8,0)) -> 5628.9636 | J69: =I69*(1+$AC69/Keys!$C$7^ROUNDUP((J$60-Keys!$C$6)/Keys!$C$8,0)) -> 5913.6302 | K69: =J69*(1+$AC69/Keys!$C$7^ROUNDUP((K$60-Keys!$C$6)/Keys!$C$8,0)) -> 6212.693 | L69: =K69*(1+$AC69/Keys!$C$7^ROUNDUP((L$60-Keys!$C$6)/Keys!$C$8,0)) -> 6526.8799 | M69: =L69*(1+$AC69/Keys!$C$7^ROUNDUP((M$60-Keys!$C$6)/Keys!$C$8,0)) -> 6856.9557 | N69: =M69*(1+$AC69/Keys!$C$7^ROUNDUP((N$60-Keys!$C$6)/Keys!$C$8,0)) -> 6943.6478 | O69: =N69*(1+$AC69/Keys!$C$7^ROUNDUP((O$60-Keys!$C$6)/Keys!$C$8,0)) -> 7031.436 | P69: =O69*(1+$AC69/Keys!$C$7^ROUNDUP((P$60-Keys!$C$6)/Keys!$C$8,0)) -> 7120.334 | ... AB69: =AA69*(1+$AC69/Keys!$C$7^ROUNDUP((AB$60-Keys!$C$6)/Keys!$C$8,0)) -> 7446.9915 | AC69: =IFERROR((EPRI_PI2026!$I$11/EPRI_PI2026!$F$11)^(1/6)-1,0) -> 0.20228709
A70: ID | B70: =IFERROR(EPRI_PI2026!$F$13,0) -> 89 | C70: =B70*(1+$AC70) -> 120.71001 | D70: =C70*(1+$AC70) -> 163.71806 | E70: =D70*(1+$AC70) -> 222.04954 | F70: =E70*(1+$AC70) -> 301.16408 | G70: =F70*(1+$AC70) -> 408.46653 | H70: =G70*(1+$AC70) -> 554 | I70: =H70*(1+$AC70/Keys!$C$7^ROUNDUP((I$60-Keys!$C$6)/Keys!$C$8,0)) -> 603.34648 | J70: =I70*(1+$AC70/Keys!$C$7^ROUNDUP((J$60-Keys!$C$6)/Keys!$C$8,0)) -> 657.08841 | K70: =J70*(1+$AC70/Keys!$C$7^ROUNDUP((K$60-Keys!$C$6)/Keys!$C$8,0)) -> 715.61729 | L70: =K70*(1+$AC70/Keys!$C$7^ROUNDUP((L$60-Keys!$C$6)/Keys!$C$8,0)) -> 779.35952 | M70: =L70*(1+$AC70/Keys!$C$7^ROUNDUP((M$60-Keys!$C$6)/Keys!$C$8,0)) -> 848.77947 | N70: =M70*(1+$AC70/Keys!$C$7^ROUNDUP((N$60-Keys!$C$6)/Keys!$C$8,0)) -> 867.68032 | O70: =N70*(1+$AC70/Keys!$C$7^ROUNDUP((O$60-Keys!$C$6)/Keys!$C$8,0)) -> 887.00206 | P70: =O70*(1+$AC70/Keys!$C$7^ROUNDUP((P$60-Keys!$C$6)/Keys!$C$8,0)) -> 906.75405 | ... AB70: =AA70*(1+$AC70/Keys!$C$7^ROUNDUP((AB$60-Keys!$C$6)/Keys!$C$8,0)) -> 981.05771 | AC70: =IFERROR((EPRI_PI2026!$I$13/EPRI_PI2026!$F$13)^(1/6)-1,0) -> 0.35629229
A71: IL | B71: =IFERROR(EPRI_PI2026!$F$14,0) -> 1602 | C71: =B71*(1+$AC71) -> 1809.5096 | D71: =C71*(1+$AC71) -> 2043.8983 | E71: =D71*(1+$AC71) -> 2308.6477 | F71: =E71*(1+$AC71) -> 2607.6905 | G71: =F71*(1+$AC71) -> 2945.4687 | H71: =G71*(1+$AC71) -> 3327 | I71: =H71*(1+$AC71/Keys!$C$7^ROUNDUP((I$60-Keys!$C$6)/Keys!$C$8,0)) -> 3434.7379 | J71: =I71*(1+$AC71/Keys!$C$7^ROUNDUP((J$60-Keys!$C$6)/Keys!$C$8,0)) -> 3545.9647 | K71: =J71*(1+$AC71/Keys!$C$7^ROUNDUP((K$60-Keys!$C$6)/Keys!$C$8,0)) -> 3660.7933 | L71: =K71*(1+$AC71/Keys!$C$7^ROUNDUP((L$60-Keys!$C$6)/Keys!$C$8,0)) -> 3779.3404 | M71: =L71*(1+$AC71/Keys!$C$7^ROUNDUP((M$60-Keys!$C$6)/Keys!$C$8,0)) -> 3901.7264 | N71: =M71*(1+$AC71/Keys!$C$7^ROUNDUP((N$60-Keys!$C$6)/Keys!$C$8,0)) -> 3933.3137 | O71: =N71*(1+$AC71/Keys!$C$7^ROUNDUP((O$60-Keys!$C$6)/Keys!$C$8,0)) -> 3965.1567 | P71: =O71*(1+$AC71/Keys!$C$7^ROUNDUP((P$60-Keys!$C$6)/Keys!$C$8,0)) -> 3997.2575 | ... AB71: =AA71*(1+$AC71/Keys!$C$7^ROUNDUP((AB$60-Keys!$C$6)/Keys!$C$8,0)) -> 4113.9081 | AC71: =IFERROR((EPRI_PI2026!$I$14/EPRI_PI2026!$F$14)^(1/6)-1,0) -> 0.12953159
A72: IN | B72: =IFERROR(EPRI_PI2026!$F$15,0) -> 292 | C72: =B72*(1+$AC72) -> 472.39485 | D72: =C72*(1+$AC72) -> 764.23595 | E72: =D72*(1+$AC72) -> 1236.3737 | F72: =E72*(1+$AC72) -> 2000.1938 | G72: =F72*(1+$AC72) -> 3235.8947 | H72: =G72*(1+$AC72) -> 5235 | I72: =H72*(1+$AC72/Keys!$C$7^ROUNDUP((I$60-Keys!$C$6)/Keys!$C$8,0)) -> 6043.5334 | J72: =I72*(1+$AC72/Keys!$C$7^ROUNDUP((J$60-Keys!$C$6)/Keys!$C$8,0)) -> 6976.943 | K72: =J72*(1+$AC72/Keys!$C$7^ROUNDUP((K$60-Keys!$C$6)/Keys!$C$8,0)) -> 8054.5154 | L72: =K72*(1+$AC72/Keys!$C$7^ROUNDUP((L$60-Keys!$C$6)/Keys!$C$8,0)) -> 9298.5164 | M72: =L72*(1+$AC72/Keys!$C$7^ROUNDUP((M$60-Keys!$C$6)/Keys!$C$8,0)) -> 10734.65 | N72: =M72*(1+$AC72/Keys!$C$7^ROUNDUP((N$60-Keys!$C$6)/Keys!$C$8,0)) -> 11149.136 | O72: =N72*(1+$AC72/Keys!$C$7^ROUNDUP((O$60-Keys!$C$6)/Keys!$C$8,0)) -> 11579.625 | P72: =O72*(1+$AC72/Keys!$C$7^ROUNDUP((P$60-Keys!$C$6)/Keys!$C$8,0)) -> 12026.737 | ... AB72: =AA72*(1+$AC72/Keys!$C$7^ROUNDUP((AB$60-Keys!$C$6)/Keys!$C$8,0)) -> 13776.822 | AC72: =IFERROR((EPRI_PI2026!$I$15/EPRI_PI2026!$F$15)^(1/6)-1,0) -> 0.61779059
A73: IA | B73: =IFERROR(EPRI_PI2026!$F$16,0) -> 1698 | C73: =B73*(1+$AC73) -> 1772.6351 | D73: =C73*(1+$AC73) -> 1850.5508 | E73: =D73*(1+$AC73) -> 1931.8913 | F73: =E73*(1+$AC73) -> 2016.8071 | G73: =F73*(1+$AC73) -> 2105.4553 | H73: =G73*(1+$AC73) -> 2198 | I73: =H73*(1+$AC73/Keys!$C$7^ROUNDUP((I$60-Keys!$C$6)/Keys!$C$8,0)) -> 2222.1531 | J73: =I73*(1+$AC73/Keys!$C$7^ROUNDUP((J$60-Keys!$C$6)/Keys!$C$8,0)) -> 2246.5717 | K73: =J73*(1+$AC73/Keys!$C$7^ROUNDUP((K$60-Keys!$C$6)/Keys!$C$8,0)) -> 2271.2585 | L73: =K73*(1+$AC73/Keys!$C$7^ROUNDUP((L$60-Keys!$C$6)/Keys!$C$8,0)) -> 2296.2167 | M73: =L73*(1+$AC73/Keys!$C$7^ROUNDUP((M$60-Keys!$C$6)/Keys!$C$8,0)) -> 2321.4491 | N73: =M73*(1+$AC73/Keys!$C$7^ROUNDUP((N$60-Keys!$C$6)/Keys!$C$8,0)) -> 2327.8265 | O73: =N73*(1+$AC73/Keys!$C$7^ROUNDUP((O$60-Keys!$C$6)/Keys!$C$8,0)) -> 2334.2214 | P73: =O73*(1+$AC73/Keys!$C$7^ROUNDUP((P$60-Keys!$C$6)/Keys!$C$8,0)) -> 2340.6339 | ... AB73: =AA73*(1+$AC73/Keys!$C$7^ROUNDUP((AB$60-Keys!$C$6)/Keys!$C$8,0)) -> 2363.6329 | AC73: =IFERROR((EPRI_PI2026!$I$16/EPRI_PI2026!$F$16)^(1/6)-1,0) -> 0.043954732
A74: KS | B74: =IFERROR(EPRI_PI2026!$F$17,0) -> 44 | C74: =B74*(1+$AC74) -> 44.16511 | D74: =C74*(1+$AC74) -> 44.330839 | E74: =D74*(1+$AC74) -> 44.497191 | F74: =E74*(1+$AC74) -> 44.664167 | G74: =F74*(1+$AC74) -> 44.831769 | H74: =G74*(1+$AC74) -> 45 | I74: =H74*(1+$AC74/Keys!$C$7^ROUNDUP((I$60-Keys!$C$6)/Keys!$C$8,0)) -> 45.042216 | J74: =I74*(1+$AC74/Keys!$C$7^ROUNDUP((J$60-Keys!$C$6)/Keys!$C$8,0)) -> 45.084471 | K74: =J74*(1+$AC74/Keys!$C$7^ROUNDUP((K$60-Keys!$C$6)/Keys!$C$8,0)) -> 45.126766 | L74: =K74*(1+$AC74/Keys!$C$7^ROUNDUP((L$60-Keys!$C$6)/Keys!$C$8,0)) -> 45.1691 | M74: =L74*(1+$AC74/Keys!$C$7^ROUNDUP((M$60-Keys!$C$6)/Keys!$C$8,0)) -> 45.211474 | N74: =M74*(1+$AC74/Keys!$C$7^ROUNDUP((N$60-Keys!$C$6)/Keys!$C$8,0)) -> 45.222078 | O74: =N74*(1+$AC74/Keys!$C$7^ROUNDUP((O$60-Keys!$C$6)/Keys!$C$8,0)) -> 45.232684 | P74: =O74*(1+$AC74/Keys!$C$7^ROUNDUP((P$60-Keys!$C$6)/Keys!$C$8,0)) -> 45.243292 | ... AB74: =AA74*(1+$AC74/Keys!$C$7^ROUNDUP((AB$60-Keys!$C$6)/Keys!$C$8,0)) -> 45.281107 | AC74: =IFERROR((EPRI_PI2026!$I$17/EPRI_PI2026!$F$17)^(1/6)-1,0) -> 0.003752499
A75: KY | B75: =IFERROR(EPRI_PI2026!$F$18,0) -> 375 | C75: =B75*(1+$AC75) -> 400.9197 | D75: =C75*(1+$AC75) -> 428.63094 | E75: =D75*(1+$AC75) -> 458.25757 | F75: =E75*(1+$AC75) -> 489.93196 | G75: =F75*(1+$AC75) -> 523.79567 | H75: =G75*(1+$AC75) -> 560 | I75: =H75*(1+$AC75/Keys!$C$7^ROUNDUP((I$60-Keys!$C$6)/Keys!$C$8,0)) -> 569.67669 | J75: =I75*(1+$AC75/Keys!$C$7^ROUNDUP((J$60-Keys!$C$6)/Keys!$C$8,0)) -> 579.52059 | K75: =J75*(1+$AC75/Keys!$C$7^ROUNDUP((K$60-Keys!$C$6)/Keys!$C$8,0)) -> 589.53458 | L75: =K75*(1+$AC75/Keys!$C$7^ROUNDUP((L$60-Keys!$C$6)/Keys!$C$8,0)) -> 599.72162 | M75: =L75*(1+$AC75/Keys!$C$7^ROUNDUP((M$60-Keys!$C$6)/Keys!$C$8,0)) -> 610.08469 | N75: =M75*(1+$AC75/Keys!$C$7^ROUNDUP((N$60-Keys!$C$6)/Keys!$C$8,0)) -> 612.72023 | O75: =N75*(1+$AC75/Keys!$C$7^ROUNDUP((O$60-Keys!$C$6)/Keys!$C$8,0)) -> 615.36715 | P75: =O75*(1+$AC75/Keys!$C$7^ROUNDUP((P$60-Keys!$C$6)/Keys!$C$8,0)) -> 618.0255 | ... AB75: =AA75*(1+$AC75/Keys!$C$7^ROUNDUP((AB$60-Keys!$C$6)/Keys!$C$8,0)) -> 627.59675 | AC75: =IFERROR((EPRI_PI2026!$I$18/EPRI_PI2026!$F$18)^(1/6)-1,0) -> 0.069119194
A76: LA | B76: =IFERROR(EPRI_PI2026!$F$19,0) -> 9 | C76: =B76*(1+$AC76) -> 20.139491 | D76: =C76*(1+$AC76) -> 45.066568 | E76: =D76*(1+$AC76) -> 100.84642 | F76: =E76*(1+$AC76) -> 225.66617 | G76: =F76*(1+$AC76) -> 504.978 | H76: =G76*(1+$AC76) -> 1130 | I76: =H76*(1+$AC76/Keys!$C$7^ROUNDUP((I$60-Keys!$C$6)/Keys!$C$8,0)) -> 1479.6563 | J76: =I76*(1+$AC76/Keys!$C$7^ROUNDUP((J$60-Keys!$C$6)/Keys!$C$8,0)) -> 1937.5068 | K76: =J76*(1+$AC76/Keys!$C$7^ROUNDUP((K$60-Keys!$C$6)/Keys!$C$8,0)) -> 2537.0301 | L76: =K76*(1+$AC76/Keys!$C$7^ROUNDUP((L$60-Keys!$C$6)/Keys!$C$8,0)) -> 3322.0641 | M76: =L76*(1+$AC76/Keys!$C$7^ROUNDUP((M$60-Keys!$C$6)/Keys!$C$8,0)) -> 4350.0115 | N76: =M76*(1+$AC76/Keys!$C$7^ROUNDUP((N$60-Keys!$C$6)/Keys!$C$8,0)) -> 4686.5178 | O76: =N76*(1+$AC76/Keys!$C$7^ROUNDUP((O$60-Keys!$C$6)/Keys!$C$8,0)) -> 5049.0555 | P76: =O76*(1+$AC76/Keys!$C$7^ROUNDUP((P$60-Keys!$C$6)/Keys!$C$8,0)) -> 5439.6382 | ... AB76: =AA76*(1+$AC76/Keys!$C$7^ROUNDUP((AB$60-Keys!$C$6)/Keys!$C$8,0)) -> 7117.9879 | AC76: =IFERROR((EPRI_PI2026!$I$19/EPRI_PI2026!$F$19)^(1/6)-1,0) -> 1.2377213
A77: ME | B77: =IFERROR(EPRI_PI2026!$F$20,0) -> 3 | C77: =B77*(1+$AC77) -> 3.6028109 | D77: =C77*(1+$AC77) -> 4.3267487 | E77: =D77*(1+$AC77) -> 5.1961524 | F77: =E77*(1+$AC77) -> 6.2402515 | G77: =F77*(1+$AC77) -> 7.4941486 | H77: =G77*(1+$AC77) -> 9 | I77: =H77*(1+$AC77/Keys!$C$7^ROUNDUP((I$60-Keys!$C$6)/Keys!$C$8,0)) -> 9.4521081 | J77: =I77*(1+$AC77/Keys!$C$7^ROUNDUP((J$60-Keys!$C$6)/Keys!$C$8,0)) -> 9.9269276 | K77: =J77*(1+$AC77/Keys!$C$7^ROUNDUP((K$60-Keys!$C$6)/Keys!$C$8,0)) -> 10.425599 | L77: =K77*(1+$AC77/Keys!$C$7^ROUNDUP((L$60-Keys!$C$6)/Keys!$C$8,0)) -> 10.949321 | M77: =L77*(1+$AC77/Keys!$C$7^ROUNDUP((M$60-Keys!$C$6)/Keys!$C$8,0)) -> 11.499352 | N77: =M77*(1+$AC77/Keys!$C$7^ROUNDUP((N$60-Keys!$C$6)/Keys!$C$8,0)) -> 11.643767 | O77: =N77*(1+$AC77/Keys!$C$7^ROUNDUP((O$60-Keys!$C$6)/Keys!$C$8,0)) -> 11.789996 | P77: =O77*(1+$AC77/Keys!$C$7^ROUNDUP((P$60-Keys!$C$6)/Keys!$C$8,0)) -> 11.938062 | ... AB77: =AA77*(1+$AC77/Keys!$C$7^ROUNDUP((AB$60-Keys!$C$6)/Keys!$C$8,0)) -> 12.482019 | AC77: =IFERROR((EPRI_PI2026!$I$20/EPRI_PI2026!$F$20)^(1/6)-1,0) -> 0.20093696
A78: MD | B78: =IFERROR(EPRI_PI2026!$F$21,0) -> 63 | C78: =B78*(1+$AC78) -> 107.73988 | D78: =C78*(1+$AC78) -> 184.2521 | E78: =D78*(1+$AC78) -> 315.09998 | F78: =E78*(1+$AC78) -> 538.8704 | G78: =F78*(1+$AC78) -> 921.5529 | H78: =G78*(1+$AC78) -> 1576 | I78: =H78*(1+$AC78/Keys!$C$7^ROUNDUP((I$60-Keys!$C$6)/Keys!$C$8,0)) -> 1855.8018 | J78: =I78*(1+$AC78/Keys!$C$7^ROUNDUP((J$60-Keys!$C$6)/Keys!$C$8,0)) -> 2185.2794 | K78: =J78*(1+$AC78/Keys!$C$7^ROUNDUP((K$60-Keys!$C$6)/Keys!$C$8,0)) -> 2573.2522 | L78: =K78*(1+$AC78/Keys!$C$7^ROUNDUP((L$60-Keys!$C$6)/Keys!$C$8,0)) -> 3030.1053 | M78: =L78*(1+$AC78/Keys!$C$7^ROUNDUP((M$60-Keys!$C$6)/Keys!$C$8,0)) -> 3568.0678 | N78: =M78*(1+$AC78/Keys!$C$7^ROUNDUP((N$60-Keys!$C$6)/Keys!$C$8,0)) -> 3726.4358 | O78: =N78*(1+$AC78/Keys!$C$7^ROUNDUP((O$60-Keys!$C$6)/Keys!$C$8,0)) -> 3891.833 | P78: =O78*(1+$AC78/Keys!$C$7^ROUNDUP((P$60-Keys!$C$6)/Keys!$C$8,0)) -> 4064.5712 | ... AB78: =AA78*(1+$AC78/Keys!$C$7^ROUNDUP((AB$60-Keys!$C$6)/Keys!$C$8,0)) -> 4750.2192 | AC78: =IFERROR((EPRI_PI2026!$I$21/EPRI_PI2026!$F$21)^(1/6)-1,0) -> 0.71015685
A79: MA | B79: =IFERROR(EPRI_PI2026!$F$22,0) -> 171 | C79: =B79*(1+$AC79) -> 171 | D79: =C79*(1+$AC79) -> 171 | E79: =D79*(1+$AC79) -> 171 | F79: =E79*(1+$AC79) -> 171 | G79: =F79*(1+$AC79) -> 171 | H79: =G79*(1+$AC79) -> 171 | I79: =H79*(1+$AC79/Keys!$C$7^ROUNDUP((I$60-Keys!$C$6)/Keys!$C$8,0)) -> 171 | J79: =I79*(1+$AC79/Keys!$C$7^ROUNDUP((J$60-Keys!$C$6)/Keys!$C$8,0)) -> 171 | K79: =J79*(1+$AC79/Keys!$C$7^ROUNDUP((K$60-Keys!$C$6)/Keys!$C$8,0)) -> 171 | L79: =K79*(1+$AC79/Keys!$C$7^ROUNDUP((L$60-Keys!$C$6)/Keys!$C$8,0)) -> 171 | M79: =L79*(1+$AC79/Keys!$C$7^ROUNDUP((M$60-Keys!$C$6)/Keys!$C$8,0)) -> 171 | N79: =M79*(1+$AC79/Keys!$C$7^ROUNDUP((N$60-Keys!$C$6)/Keys!$C$8,0)) -> 171 | O79: =N79*(1+$AC79/Keys!$C$7^ROUNDUP((O$60-Keys!$C$6)/Keys!$C$8,0)) -> 171 | P79: =O79*(1+$AC79/Keys!$C$7^ROUNDUP((P$60-Keys!$C$6)/Keys!$C$8,0)) -> 171 | ... AB79: =AA79*(1+$AC79/Keys!$C$7^ROUNDUP((AB$60-Keys!$C$6)/Keys!$C$8,0)) -> 171 | AC79: =IFERROR((EPRI_PI2026!$I$22/EPRI_PI2026!$F$22)^(1/6)-1,0) -> 0
A80: MI | B80: =IFERROR(EPRI_PI2026!$F$23,0) -> 97 | C80: =B80*(1+$AC80) -> 107.42828 | D80: =C80*(1+$AC80) -> 118.97768 | E80: =D80*(1+$AC80) -> 131.76874 | F80: =E80*(1+$AC80) -> 145.93493 | G80: =F80*(1+$AC80) -> 161.62411 | H80: =G80*(1+$AC80) -> 179 | I80: =H80*(1+$AC80/Keys!$C$7^ROUNDUP((I$60-Keys!$C$6)/Keys!$C$8,0)) -> 183.81098 | J80: =I80*(1+$AC80/Keys!$C$7^ROUNDUP((J$60-Keys!$C$6)/Keys!$C$8,0)) -> 188.75127 | K80: =J80*(1+$AC80/Keys!$C$7^ROUNDUP((K$60-Keys!$C$6)/Keys!$C$8,0)) -> 193.82434 | L80: =K80*(1+$AC80/Keys!$C$7^ROUNDUP((L$60-Keys!$C$6)/Keys!$C$8,0)) -> 199.03376 | M80: =L80*(1+$AC80/Keys!$C$7^ROUNDUP((M$60-Keys!$C$6)/Keys!$C$8,0)) -> 204.38319 | N80: =M80*(1+$AC80/Keys!$C$7^ROUNDUP((N$60-Keys!$C$6)/Keys!$C$8,0)) -> 205.75649 | O80: =N80*(1+$AC80/Keys!$C$7^ROUNDUP((O$60-Keys!$C$6)/Keys!$C$8,0)) -> 207.13902 | P80: =O80*(1+$AC80/Keys!$C$7^ROUNDUP((P$60-Keys!$C$6)/Keys!$C$8,0)) -> 208.53084 | ... AB80: =AA80*(1+$AC80/Keys!$C$7^ROUNDUP((AB$60-Keys!$C$6)/Keys!$C$8,0)) -> 213.57154 | AC80: =IFERROR((EPRI_PI2026!$I$23/EPRI_PI2026!$F$23)^(1/6)-1,0) -> 0.10750803
A81: MN | B81: =IFERROR(EPRI_PI2026!$F$24,0) -> 106 | C81: =B81*(1+$AC81) -> 141.50771 | D81: =C81*(1+$AC81) -> 188.90973 | E81: =D81*(1+$AC81) -> 252.1904 | F81: =E81*(1+$AC81) -> 336.66874 | G81: =F81*(1+$AC81) -> 449.44548 | H81: =G81*(1+$AC81) -> 600 | I81: =H81*(1+$AC81/Keys!$C$7^ROUNDUP((I$60-Keys!$C$6)/Keys!$C$8,0)) -> 650.24676 | J81: =I81*(1+$AC81/Keys!$C$7^ROUNDUP((J$60-Keys!$C$6)/Keys!$C$8,0)) -> 704.70141 | K81: =J81*(1+$AC81/Keys!$C$7^ROUNDUP((K$60-Keys!$C$6)/Keys!$C$8,0)) -> 763.71634 | L81: =K81*(1+$AC81/Keys!$C$7^ROUNDUP((L$60-Keys!$C$6)/Keys!$C$8,0)) -> 827.67345 | M81: =L81*(1+$AC81/Keys!$C$7^ROUNDUP((M$60-Keys!$C$6)/Keys!$C$8,0)) -> 896.98663 | N81: =M81*(1+$AC81/Keys!$C$7^ROUNDUP((N$60-Keys!$C$6)/Keys!$C$8,0)) -> 915.76608 | O81: =N81*(1+$AC81/Keys!$C$7^ROUNDUP((O$60-Keys!$C$6)/Keys!$C$8,0)) -> 934.93869 | P81: =O81*(1+$AC81/Keys!$C$7^ROUNDUP((P$60-Keys!$C$6)/Keys!$C$8,0)) -> 954.51271 | ... AB81: =AA81*(1+$AC81/Keys!$C$7^ROUNDUP((AB$60-Keys!$C$6)/Keys!$C$8,0)) -> 1027.9082 | AC81: =IFERROR((EPRI_PI2026!$I$24/EPRI_PI2026!$F$24)^(1/6)-1,0) -> 0.33497838
A82: MS | B82: =IFERROR(EPRI_PI2026!$F$25,0) -> 46 | C82: =B82*(1+$AC82) -> 80.446566 | D82: =C82*(1+$AC82) -> 140.68804 | E82: =D82*(1+$AC82) -> 246.04065 | F82: =E82*(1+$AC82) -> 430.28533 | G82: =F82*(1+$AC82) -> 752.4995 | H82: =G82*(1+$AC82) -> 1316 | I82: =H82*(1+$AC82/Keys!$C$7^ROUNDUP((I$60-Keys!$C$6)/Keys!$C$8,0)) -> 1562.3678 | J82: =I82*(1+$AC82/Keys!$C$7^ROUNDUP((J$60-Keys!$C$6)/Keys!$C$8,0)) -> 1854.8581 | K82: =J82*(1+$AC82/Keys!$C$7^ROUNDUP((K$60-Keys!$C$6)/Keys!$C$8,0)) -> 2202.1053 | L82: =K82*(1+$AC82/Keys!$C$7^ROUNDUP((L$60-Keys!$C$6)/Keys!$C$8,0)) -> 2614.3606 | M82: =L82*(1+$AC82/Keys!$C$7^ROUNDUP((M$60-Keys!$C$6)/Keys!$C$8,0)) -> 3103.7939 | N82: =M82*(1+$AC82/Keys!$C$7^ROUNDUP((N$60-Keys!$C$6)/Keys!$C$8,0)) -> 3249.0589 | O82: =N82*(1+$AC82/Keys!$C$7^ROUNDUP((O$60-Keys!$C$6)/Keys!$C$8,0)) -> 3401.1227 | P82: =O82*(1+$AC82/Keys!$C$7^ROUNDUP((P$60-Keys!$C$6)/Keys!$C$8,0)) -> 3560.3034 | ... AB82: =AA82*(1+$AC82/Keys!$C$7^ROUNDUP((AB$60-Keys!$C$6)/Keys!$C$8,0)) -> 4195.8415 | AC82: =IFERROR((EPRI_PI2026!$I$25/EPRI_PI2026!$F$25)^(1/6)-1,0) -> 0.74883838
A83: MO | B83: =IFERROR(EPRI_PI2026!$F$26,0) -> 224 | C83: =B83*(1+$AC83) -> 260.64685 | D83: =C83*(1+$AC83) -> 303.2892 | E83: =D83*(1+$AC83) -> 352.90792 | F83: =E83*(1+$AC83) -> 410.64436 | G83: =F83*(1+$AC83) -> 477.82661 | H83: =G83*(1+$AC83) -> 556 | I83: =H83*(1+$AC83/Keys!$C$7^ROUNDUP((I$60-Keys!$C$6)/Keys!$C$8,0)) -> 578.74068 | J83: =I83*(1+$AC83/Keys!$C$7^ROUNDUP((J$60-Keys!$C$6)/Keys!$C$8,0)) -> 602.41146 | K83: =J83*(1+$AC83/Keys!$C$7^ROUNDUP((K$60-Keys!$C$6)/Keys!$C$8,0)) -> 627.05039 | L83: =K83*(1+$AC83/Keys!$C$7^ROUNDUP((L$60-Keys!$C$6)/Keys!$C$8,0)) -> 652.69707 | M83: =L83*(1+$AC83/Keys!$C$7^ROUNDUP((M$60-Keys!$C$6)/Keys!$C$8,0)) -> 679.39271 | N83: =M83*(1+$AC83/Keys!$C$7^ROUNDUP((N$60-Keys!$C$6)/Keys!$C$8,0)) -> 686.33958 | O83: =N83*(1+$AC83/Keys!$C$7^ROUNDUP((O$60-Keys!$C$6)/Keys!$C$8,0)) -> 693.35749 | P83: =O83*(1+$AC83/Keys!$C$7^ROUNDUP((P$60-Keys!$C$6)/Keys!$C$8,0)) -> 700.44716 | ... AB83: =AA83*(1+$AC83/Keys!$C$7^ROUNDUP((AB$60-Keys!$C$6)/Keys!$C$8,0)) -> 726.34475 | AC83: =IFERROR((EPRI_PI2026!$I$26/EPRI_PI2026!$F$26)^(1/6)-1,0) -> 0.16360201
A84: MT | B84: =IFERROR(EPRI_PI2026!$F$27,0) -> 106 | C84: =B84*(1+$AC84) -> 106 | D84: =C84*(1+$AC84) -> 106 | E84: =D84*(1+$AC84) -> 106 | F84: =E84*(1+$AC84) -> 106 | G84: =F84*(1+$AC84) -> 106 | H84: =G84*(1+$AC84) -> 106 | I84: =H84*(1+$AC84/Keys!$C$7^ROUNDUP((I$60-Keys!$C$6)/Keys!$C$8,0)) -> 106 | J84: =I84*(1+$AC84/Keys!$C$7^ROUNDUP((J$60-Keys!$C$6)/Keys!$C$8,0)) -> 106 | K84: =J84*(1+$AC84/Keys!$C$7^ROUNDUP((K$60-Keys!$C$6)/Keys!$C$8,0)) -> 106 | L84: =K84*(1+$AC84/Keys!$C$7^ROUNDUP((L$60-Keys!$C$6)/Keys!$C$8,0)) -> 106 | M84: =L84*(1+$AC84/Keys!$C$7^ROUNDUP((M$60-Keys!$C$6)/Keys!$C$8,0)) -> 106 | N84: =M84*(1+$AC84/Keys!$C$7^ROUNDUP((N$60-Keys!$C$6)/Keys!$C$8,0)) -> 106 | O84: =N84*(1+$AC84/Keys!$C$7^ROUNDUP((O$60-Keys!$C$6)/Keys!$C$8,0)) -> 106 | P84: =O84*(1+$AC84/Keys!$C$7^ROUNDUP((P$60-Keys!$C$6)/Keys!$C$8,0)) -> 106 | ... AB84: =AA84*(1+$AC84/Keys!$C$7^ROUNDUP((AB$60-Keys!$C$6)/Keys!$C$8,0)) -> 106 | AC84: =IFERROR((EPRI_PI2026!$I$27/EPRI_PI2026!$F$27)^(1/6)-1,0) -> 0
A85: NE | B85: =IFERROR(EPRI_PI2026!$F$28,0) -> 1021 | C85: =B85*(1+$AC85) -> 1073.3211 | D85: =C85*(1+$AC85) -> 1128.3233 | E85: =D85*(1+$AC85) -> 1186.1442 | F85: =E85*(1+$AC85) -> 1246.928 | G85: =F85*(1+$AC85) -> 1310.8268 | H85: =G85*(1+$AC85) -> 1378 | I85: =H85*(1+$AC85/Keys!$C$7^ROUNDUP((I$60-Keys!$C$6)/Keys!$C$8,0)) -> 1395.6539 | J85: =I85*(1+$AC85/Keys!$C$7^ROUNDUP((J$60-Keys!$C$6)/Keys!$C$8,0)) -> 1413.5339 | K85: =J85*(1+$AC85/Keys!$C$7^ROUNDUP((K$60-Keys!$C$6)/Keys!$C$8,0)) -> 1431.643 | L85: =K85*(1+$AC85/Keys!$C$7^ROUNDUP((L$60-Keys!$C$6)/Keys!$C$8,0)) -> 1449.9841 | M85: =L85*(1+$AC85/Keys!$C$7^ROUNDUP((M$60-Keys!$C$6)/Keys!$C$8,0)) -> 1468.5602 | N85: =M85*(1+$AC85/Keys!$C$7^ROUNDUP((N$60-Keys!$C$6)/Keys!$C$8,0)) -> 1473.2637 | O85: =N85*(1+$AC85/Keys!$C$7^ROUNDUP((O$60-Keys!$C$6)/Keys!$C$8,0)) -> 1477.9823 | P85: =O85*(1+$AC85/Keys!$C$7^ROUNDUP((P$60-Keys!$C$6)/Keys!$C$8,0)) -> 1482.716 | ... AB85: =AA85*(1+$AC85/Keys!$C$7^ROUNDUP((AB$60-Keys!$C$6)/Keys!$C$8,0)) -> 1499.7128 | AC85: =IFERROR((EPRI_PI2026!$I$28/EPRI_PI2026!$F$28)^(1/6)-1,0) -> 0.051244926
A86: NV | B86: =IFERROR(EPRI_PI2026!$F$29,0) -> 866 | C86: =B86*(1+$AC86) -> 1035.356 | D86: =C86*(1+$AC86) -> 1237.8315 | E86: =D86*(1+$AC86) -> 1479.9034 | F86: =E86*(1+$AC86) -> 1769.3151 | G86: =F86*(1+$AC86) -> 2115.3245 | H86: =G86*(1+$AC86) -> 2529 | I86: =H86*(1+$AC86/Keys!$C$7^ROUNDUP((I$60-Keys!$C$6)/Keys!$C$8,0)) -> 2652.6436 | J86: =I86*(1+$AC86/Keys!$C$7^ROUNDUP((J$60-Keys!$C$6)/Keys!$C$8,0)) -> 2782.3321 | K86: =J86*(1+$AC86/Keys!$C$7^ROUNDUP((K$60-Keys!$C$6)/Keys!$C$8,0)) -> 2918.3612 | L86: =K86*(1+$AC86/Keys!$C$7^ROUNDUP((L$60-Keys!$C$6)/Keys!$C$8,0)) -> 3061.0408 | M86: =L86*(1+$AC86/Keys!$C$7^ROUNDUP((M$60-Keys!$C$6)/Keys!$C$8,0)) -> 3210.696 | N86: =M86*(1+$AC86/Keys!$C$7^ROUNDUP((N$60-Keys!$C$6)/Keys!$C$8,0)) -> 3249.939 | O86: =N86*(1+$AC86/Keys!$C$7^ROUNDUP((O$60-Keys!$C$6)/Keys!$C$8,0)) -> 3289.6616 | P86: =O86*(1+$AC86/Keys!$C$7^ROUNDUP((P$60-Keys!$C$6)/Keys!$C$8,0)) -> 3329.8698 | ... AB86: =AA86*(1+$AC86/Keys!$C$7^ROUNDUP((AB$60-Keys!$C$6)/Keys!$C$8,0)) -> 3477.4636 | AC86: =IFERROR((EPRI_PI2026!$I$29/EPRI_PI2026!$F$29)^(1/6)-1,0) -> 0.19556123
A87: NH | B87: =IFERROR(EPRI_PI2026!$F$30,0) -> 4 | C87: =B87*(1+$AC87) -> 4 | D87: =C87*(1+$AC87) -> 4 | E87: =D87*(1+$AC87) -> 4 | F87: =E87*(1+$AC87) -> 4 | G87: =F87*(1+$AC87) -> 4 | H87: =G87*(1+$AC87) -> 4 | I87: =H87*(1+$AC87/Keys!$C$7^ROUNDUP((I$60-Keys!$C$6)/Keys!$C$8,0)) -> 4 | J87: =I87*(1+$AC87/Keys!$C$7^ROUNDUP((J$60-Keys!$C$6)/Keys!$C$8,0)) -> 4 | K87: =J87*(1+$AC87/Keys!$C$7^ROUNDUP((K$60-Keys!$C$6)/Keys!$C$8,0)) -> 4 | L87: =K87*(1+$AC87/Keys!$C$7^ROUNDUP((L$60-Keys!$C$6)/Keys!$C$8,0)) -> 4 | M87: =L87*(1+$AC87/Keys!$C$7^ROUNDUP((M$60-Keys!$C$6)/Keys!$C$8,0)) -> 4 | N87: =M87*(1+$AC87/Keys!$C$7^ROUNDUP((N$60-Keys!$C$6)/Keys!$C$8,0)) -> 4 | O87: =N87*(1+$AC87/Keys!$C$7^ROUNDUP((O$60-Keys!$C$6)/Keys!$C$8,0)) -> 4 | P87: =O87*(1+$AC87/Keys!$C$7^ROUNDUP((P$60-Keys!$C$6)/Keys!$C$8,0)) -> 4 | ... AB87: =AA87*(1+$AC87/Keys!$C$7^ROUNDUP((AB$60-Keys!$C$6)/Keys!$C$8,0)) -> 4 | AC87: =IFERROR((EPRI_PI2026!$I$30/EPRI_PI2026!$F$30)^(1/6)-1,0) -> 0
A88: NJ | B88: =IFERROR(EPRI_PI2026!$F$31,0) -> 547 | C88: =B88*(1+$AC88) -> 600.76042 | D88: =C88*(1+$AC88) -> 659.80453 | E88: =D88*(1+$AC88) -> 724.65164 | F88: =E88*(1+$AC88) -> 795.87207 | G88: =F88*(1+$AC88) -> 874.09221 | H88: =G88*(1+$AC88) -> 960 | I88: =H88*(1+$AC88/Keys!$C$7^ROUNDUP((I$60-Keys!$C$6)/Keys!$C$8,0)) -> 983.58775 | J88: =I88*(1+$AC88/Keys!$C$7^ROUNDUP((J$60-Keys!$C$6)/Keys!$C$8,0)) -> 1007.7551 | K88: =J88*(1+$AC88/Keys!$C$7^ROUNDUP((K$60-Keys!$C$6)/Keys!$C$8,0)) -> 1032.5162 | L88: =K88*(1+$AC88/Keys!$C$7^ROUNDUP((L$60-Keys!$C$6)/Keys!$C$8,0)) -> 1057.8857 | M88: =L88*(1+$AC88/Keys!$C$7^ROUNDUP((M$60-Keys!$C$6)/Keys!$C$8,0)) -> 1083.8786 | N88: =M88*(1+$AC88/Keys!$C$7^ROUNDUP((N$60-Keys!$C$6)/Keys!$C$8,0)) -> 1090.5364 | O88: =N88*(1+$AC88/Keys!$C$7^ROUNDUP((O$60-Keys!$C$6)/Keys!$C$8,0)) -> 1097.2352 | P88: =O88*(1+$AC88/Keys!$C$7^ROUNDUP((P$60-Keys!$C$6)/Keys!$C$8,0)) -> 1103.9751 | ... AB88: =AA88*(1+$AC88/Keys!$C$7^ROUNDUP((AB$60-Keys!$C$6)/Keys!$C$8,0)) -> 1128.3504 | AC88: =IFERROR((EPRI_PI2026!$I$31/EPRI_PI2026!$F$31)^(1/6)-1,0) -> 0.0982823
A89: NM | B89: =IFERROR(EPRI_PI2026!$F$32,0) -> 393 | C89: =B89*(1+$AC89) -> 430.18135 | D89: =C89*(1+$AC89) -> 470.88038 | E89: =D89*(1+$AC89) -> 515.42992 | F89: =E89*(1+$AC89) -> 564.19424 | G89: =F89*(1+$AC89) -> 617.57211 | H89: =G89*(1+$AC89) -> 676 | I89: =H89*(1+$AC89/Keys!$C$7^ROUNDUP((I$60-Keys!$C$6)/Keys!$C$8,0)) -> 691.98893 | J89: =I89*(1+$AC89/Keys!$C$7^ROUNDUP((J$60-Keys!$C$6)/Keys!$C$8,0)) -> 708.35602 | K89: =J89*(1+$AC89/Keys!$C$7^ROUNDUP((K$60-Keys!$C$6)/Keys!$C$8,0)) -> 725.11024 | L89: =K89*(1+$AC89/Keys!$C$7^ROUNDUP((L$60-Keys!$C$6)/Keys!$C$8,0)) -> 742.26074 | M89: =L89*(1+$AC89/Keys!$C$7^ROUNDUP((M$60-Keys!$C$6)/Keys!$C$8,0)) -> 759.81688 | N89: =M89*(1+$AC89/Keys!$C$7^ROUNDUP((N$60-Keys!$C$6)/Keys!$C$8,0)) -> 764.30972 | O89: =N89*(1+$AC89/Keys!$C$7^ROUNDUP((O$60-Keys!$C$6)/Keys!$C$8,0)) -> 768.82913 | P89: =O89*(1+$AC89/Keys!$C$7^ROUNDUP((P$60-Keys!$C$6)/Keys!$C$8,0)) -> 773.37527 | ... AB89: =AA89*(1+$AC89/Keys!$C$7^ROUNDUP((AB$60-Keys!$C$6)/Keys!$C$8,0)) -> 789.80736 | AC89: =IFERROR((EPRI_PI2026!$I$32/EPRI_PI2026!$F$32)^(1/6)-1,0) -> 0.094609024
A90: NY | B90: =IFERROR(EPRI_PI2026!$F$33,0) -> 1085 | C90: =B90*(1+$AC90) -> 1143.5187 | D90: =C90*(1+$AC90) -> 1205.1936 | E90: =D90*(1+$AC90) -> 1270.1949 | F90: =E90*(1+$AC90) -> 1338.7019 | G90: =F90*(1+$AC90) -> 1410.9039 | H90: =G90*(1+$AC90) -> 1487 | I90: =H90*(1+$AC90/Keys!$C$7^ROUNDUP((I$60-Keys!$C$6)/Keys!$C$8,0)) -> 1507.0501 | J90: =I90*(1+$AC90/Keys!$C$7^ROUNDUP((J$60-Keys!$C$6)/Keys!$C$8,0)) -> 1527.3705 | K90: =J90*(1+$AC90/Keys!$C$7^ROUNDUP((K$60-Keys!$C$6)/Keys!$C$8,0)) -> 1547.9649 | L90: =K90*(1+$AC90/Keys!$C$7^ROUNDUP((L$60-Keys!$C$6)/Keys!$C$8,0)) -> 1568.837 | M90: =L90*(1+$AC90/Keys!$C$7^ROUNDUP((M$60-Keys!$C$6)/Keys!$C$8,0)) -> 1589.9905 | N90: =M90*(1+$AC90/Keys!$C$7^ROUNDUP((N$60-Keys!$C$6)/Keys!$C$8,0)) -> 1595.3502 | O90: =N90*(1+$AC90/Keys!$C$7^ROUNDUP((O$60-Keys!$C$6)/Keys!$C$8,0)) -> 1600.728 | P90: =O90*(1+$AC90/Keys!$C$7^ROUNDUP((P$60-Keys!$C$6)/Keys!$C$8,0)) -> 1606.1239 | ... AB90: =AA90*(1+$AC90/Keys!$C$7^ROUNDUP((AB$60-Keys!$C$6)/Keys!$C$8,0)) -> 1625.5063 | AC90: =IFERROR((EPRI_PI2026!$I$33/EPRI_PI2026!$F$33)^(1/6)-1,0) -> 0.053934299
A91: NC | B91: =IFERROR(EPRI_PI2026!$F$34,0) -> 746 | C91: =B91*(1+$AC91) -> 868.38441 | D91: =C91*(1+$AC91) -> 1010.8465 | E91: =D91*(1+$AC91) -> 1176.6801 | F91: =E91*(1+$AC91) -> 1369.7193 | G91: =F91*(1+$AC91) -> 1594.4275 | H91: =G91*(1+$AC91) -> 1856 | I91: =H91*(1+$AC91/Keys!$C$7^ROUNDUP((I$60-Keys!$C$6)/Keys!$C$8,0)) -> 1932.1211 | J91: =I91*(1+$AC91/Keys!$C$7^ROUNDUP((J$60-Keys!$C$6)/Keys!$C$8,0)) -> 2011.3643 | K91: =J91*(1+$AC91/Keys!$C$7^ROUNDUP((K$60-Keys!$C$6)/Keys!$C$8,0)) -> 2093.8574 | L91: =K91*(1+$AC91/Keys!$C$7^ROUNDUP((L$60-Keys!$C$6)/Keys!$C$8,0)) -> 2179.734 | M91: =L91*(1+$AC91/Keys!$C$7^ROUNDUP((M$60-Keys!$C$6)/Keys!$C$8,0)) -> 2269.1326 | N91: =M91*(1+$AC91/Keys!$C$7^ROUNDUP((N$60-Keys!$C$6)/Keys!$C$8,0)) -> 2292.3989 | O91: =N91*(1+$AC91/Keys!$C$7^ROUNDUP((O$60-Keys!$C$6)/Keys!$C$8,0)) -> 2315.9037 | P91: =O91*(1+$AC91/Keys!$C$7^ROUNDUP((P$60-Keys!$C$6)/Keys!$C$8,0)) -> 2339.6496 | ... AB91: =AA91*(1+$AC91/Keys!$C$7^ROUNDUP((AB$60-Keys!$C$6)/Keys!$C$8,0)) -> 2426.3959 | AC91: =IFERROR((EPRI_PI2026!$I$34/EPRI_PI2026!$F$34)^(1/6)-1,0) -> 0.16405417
A92: ND | B92: =IFERROR(EPRI_PI2026!$F$35,0) -> 640 | C92: =B92*(1+$AC92) -> 661.45313 | D92: =C92*(1+$AC92) -> 683.62539 | E92: =D92*(1+$AC92) -> 706.54087 | F92: =E92*(1+$AC92) -> 730.22449 | G92: =F92*(1+$AC92) -> 754.70199 | H92: =G92*(1+$AC92) -> 780 | I92: =H92*(1+$AC92/Keys!$C$7^ROUNDUP((I$60-Keys!$C$6)/Keys!$C$8,0)) -> 786.5365 | J92: =I92*(1+$AC92/Keys!$C$7^ROUNDUP((J$60-Keys!$C$6)/Keys!$C$8,0)) -> 793.12778 | K92: =J92*(1+$AC92/Keys!$C$7^ROUNDUP((K$60-Keys!$C$6)/Keys!$C$8,0)) -> 799.77429 | L92: =K92*(1+$AC92/Keys!$C$7^ROUNDUP((L$60-Keys!$C$6)/Keys!$C$8,0)) -> 806.47651 | M92: =L92*(1+$AC92/Keys!$C$7^ROUNDUP((M$60-Keys!$C$6)/Keys!$C$8,0)) -> 813.23489 | N92: =M92*(1+$AC92/Keys!$C$7^ROUNDUP((N$60-Keys!$C$6)/Keys!$C$8,0)) -> 814.93864 | O92: =N92*(1+$AC92/Keys!$C$7^ROUNDUP((O$60-Keys!$C$6)/Keys!$C$8,0)) -> 816.64596 | P92: =O92*(1+$AC92/Keys!$C$7^ROUNDUP((P$60-Keys!$C$6)/Keys!$C$8,0)) -> 818.35686 | ... AB92: =AA92*(1+$AC92/Keys!$C$7^ROUNDUP((AB$60-Keys!$C$6)/Keys!$C$8,0)) -> 824.48335 | AC92: =IFERROR((EPRI_PI2026!$I$35/EPRI_PI2026!$F$35)^(1/6)-1,0) -> 0.033520522
A93: OH | B93: =IFERROR(EPRI_PI2026!$F$36,0) -> 2104 | C93: =B93*(1+$AC93) -> 2437.5212 | D93: =C93*(1+$AC93) -> 2823.9114 | E93: =D93*(1+$AC93) -> 3271.5513 | F93: =E93*(1+$AC93) -> 3790.15 | G93: =F93*(1+$AC93) -> 4390.9559 | H93: =G93*(1+$AC93) -> 5087 | I93: =H93*(1+$AC93/Keys!$C$7^ROUNDUP((I$60-Keys!$C$6)/Keys!$C$8,0)) -> 5288.5949 | J93: =I93*(1+$AC93/Keys!$C$7^ROUNDUP((J$60-Keys!$C$6)/Keys!$C$8,0)) -> 5498.1788 | K93: =J93*(1+$AC93/Keys!$C$7^ROUNDUP((K$60-Keys!$C$6)/Keys!$C$8,0)) -> 5716.0685 | L93: =K93*(1+$AC93/Keys!$C$7^ROUNDUP((L$60-Keys!$C$6)/Keys!$C$8,0)) -> 5942.5929 | M93: =L93*(1+$AC93/Keys!$C$7^ROUNDUP((M$60-Keys!$C$6)/Keys!$C$8,0)) -> 6178.0945 | N93: =M93*(1+$AC93/Keys!$C$7^ROUNDUP((N$60-Keys!$C$6)/Keys!$C$8,0)) -> 6239.303 | O93: =N93*(1+$AC93/Keys!$C$7^ROUNDUP((O$60-Keys!$C$6)/Keys!$C$8,0)) -> 6301.118 | P93: =O93*(1+$AC93/Keys!$C$7^ROUNDUP((P$60-Keys!$C$6)/Keys!$C$8,0)) -> 6363.5454 | ... AB93: =AA93*(1+$AC93/Keys!$C$7^ROUNDUP((AB$60-Keys!$C$6)/Keys!$C$8,0)) -> 6591.4071 | AC93: =IFERROR((EPRI_PI2026!$I$36/EPRI_PI2026!$F$36)^(1/6)-1,0) -> 0.15851768
A94: OK | B94: =IFERROR(EPRI_PI2026!$F$37,0) -> 745 | C94: =B94*(1+$AC94) -> 784.79252 | D94: =C94*(1+$AC94) -> 826.71048 | E94: =D94*(1+$AC94) -> 870.86738 | F94: =E94*(1+$AC94) -> 917.38283 | G94: =F94*(1+$AC94) -> 966.3828 | H94: =G94*(1+$AC94) -> 1018 | I94: =H94*(1+$AC94/Keys!$C$7^ROUNDUP((I$60-Keys!$C$6)/Keys!$C$8,0)) -> 1031.5936 | J94: =I94*(1+$AC94/Keys!$C$7^ROUNDUP((J$60-Keys!$C$6)/Keys!$C$8,0)) -> 1045.3686 | K94: =J94*(1+$AC94/Keys!$C$7^ROUNDUP((K$60-Keys!$C$6)/Keys!$C$8,0)) -> 1059.3276 | L94: =K94*(1+$AC94/Keys!$C$7^ROUNDUP((L$60-Keys!$C$6)/Keys!$C$8,0)) -> 1073.473 | M94: =L94*(1+$AC94/Keys!$C$7^ROUNDUP((M$60-Keys!$C$6)/Keys!$C$8,0)) -> 1087.8073 | N94: =M94*(1+$AC94/Keys!$C$7^ROUNDUP((N$60-Keys!$C$6)/Keys!$C$8,0)) -> 1091.4388 | O94: =N94*(1+$AC94/Keys!$C$7^ROUNDUP((O$60-Keys!$C$6)/Keys!$C$8,0)) -> 1095.0823 | P94: =O94*(1+$AC94/Keys!$C$7^ROUNDUP((P$60-Keys!$C$6)/Keys!$C$8,0)) -> 1098.738 | ... AB94: =AA94*(1+$AC94/Keys!$C$7^ROUNDUP((AB$60-Keys!$C$6)/Keys!$C$8,0)) -> 1111.8686 | AC94: =IFERROR((EPRI_PI2026!$I$37/EPRI_PI2026!$F$37)^(1/6)-1,0) -> 0.053412783
A95: OR | B95: =IFERROR(EPRI_PI2026!$F$38,0) -> 2982 | C95: =B95*(1+$AC95) -> 3082.0554 | D95: =C95*(1+$AC95) -> 3185.4679 | E95: =D95*(1+$AC95) -> 3292.3502 | F95: =E95*(1+$AC95) -> 3402.8188 | G95: =F95*(1+$AC95) -> 3516.9939 | H95: =G95*(1+$AC95) -> 3635 | I95: =H95*(1+$AC95/Keys!$C$7^ROUNDUP((I$60-Keys!$C$6)/Keys!$C$8,0)) -> 3665.4914 | J95: =I95*(1+$AC95/Keys!$C$7^ROUNDUP((J$60-Keys!$C$6)/Keys!$C$8,0)) -> 3696.2385 | K95: =J95*(1+$AC95/Keys!$C$7^ROUNDUP((K$60-Keys!$C$6)/Keys!$C$8,0)) -> 3727.2436 | L95: =K95*(1+$AC95/Keys!$C$7^ROUNDUP((L$60-Keys!$C$6)/Keys!$C$8,0)) -> 3758.5088 | M95: =L95*(1+$AC95/Keys!$C$7^ROUNDUP((M$60-Keys!$C$6)/Keys!$C$8,0)) -> 3790.0362 | N95: =M95*(1+$AC95/Keys!$C$7^ROUNDUP((N$60-Keys!$C$6)/Keys!$C$8,0)) -> 3797.9841 | O95: =N95*(1+$AC95/Keys!$C$7^ROUNDUP((O$60-Keys!$C$6)/Keys!$C$8,0)) -> 3805.9488 | P95: =O95*(1+$AC95/Keys!$C$7^ROUNDUP((P$60-Keys!$C$6)/Keys!$C$8,0)) -> 3813.9301 | ... AB95: =AA95*(1+$AC95/Keys!$C$7^ROUNDUP((AB$60-Keys!$C$6)/Keys!$C$8,0)) -> 3842.5103 | AC95: =IFERROR((EPRI_PI2026!$I$38/EPRI_PI2026!$F$38)^(1/6)-1,0) -> 0.033553105
A96: PA | B96: =IFERROR(EPRI_PI2026!$F$39,0) -> 631 | C96: =B96*(1+$AC96) -> 808.97634 | D96: =C96*(1+$AC96) -> 1037.1517 | E96: =D96*(1+$AC96) -> 1329.6849 | F96: =E96*(1+$AC96) -> 1704.7284 | G96: =F96*(1+$AC96) -> 2185.5546 | H96: =G96*(1+$AC96) -> 2802 | I96: =H96*(1+$AC96/Keys!$C$7^ROUNDUP((I$60-Keys!$C$6)/Keys!$C$8,0)) -> 2999.5791 | J96: =I96*(1+$AC96/Keys!$C$7^ROUNDUP((J$60-Keys!$C$6)/Keys!$C$8,0)) -> 3211.0903 | K96: =J96*(1+$AC96/Keys!$C$7^ROUNDUP((K$60-Keys!$C$6)/Keys!$C$8,0)) -> 3437.5158 | L96: =K96*(1+$AC96/Keys!$C$7^ROUNDUP((L$60-Keys!$C$6)/Keys!$C$8,0)) -> 3679.9075 | M96: =L96*(1+$AC96/Keys!$C$7^ROUNDUP((M$60-Keys!$C$6)/Keys!$C$8,0)) -> 3939.391 | N96: =M96*(1+$AC96/Keys!$C$7^ROUNDUP((N$60-Keys!$C$6)/Keys!$C$8,0)) -> 4008.8362 | O96: =N96*(1+$AC96/Keys!$C$7^ROUNDUP((O$60-Keys!$C$6)/Keys!$C$8,0)) -> 4079.5055 | P96: =O96*(1+$AC96/Keys!$C$7^ROUNDUP((P$60-Keys!$C$6)/Keys!$C$8,0)) -> 4151.4207 | ... AB96: =AA96*(1+$AC96/Keys!$C$7^ROUNDUP((AB$60-Keys!$C$6)/Keys!$C$8,0)) -> 4418.9106 | AC96: =IFERROR((EPRI_PI2026!$I$39/EPRI_PI2026!$F$39)^(1/6)-1,0) -> 0.28205442
A97: RI | B97: =IFERROR(EPRI_PI2026!$F$40,0) -> 3 | C97: =B97*(1+$AC97) -> 3 | D97: =C97*(1+$AC97) -> 3 | E97: =D97*(1+$AC97) -> 3 | F97: =E97*(1+$AC97) -> 3 | G97: =F97*(1+$AC97) -> 3 | H97: =G97*(1+$AC97) -> 3 | I97: =H97*(1+$AC97/Keys!$C$7^ROUNDUP((I$60-Keys!$C$6)/Keys!$C$8,0)) -> 3 | J97: =I97*(1+$AC97/Keys!$C$7^ROUNDUP((J$60-Keys!$C$6)/Keys!$C$8,0)) -> 3 | K97: =J97*(1+$AC97/Keys!$C$7^ROUNDUP((K$60-Keys!$C$6)/Keys!$C$8,0)) -> 3 | L97: =K97*(1+$AC97/Keys!$C$7^ROUNDUP((L$60-Keys!$C$6)/Keys!$C$8,0)) -> 3 | M97: =L97*(1+$AC97/Keys!$C$7^ROUNDUP((M$60-Keys!$C$6)/Keys!$C$8,0)) -> 3 | N97: =M97*(1+$AC97/Keys!$C$7^ROUNDUP((N$60-Keys!$C$6)/Keys!$C$8,0)) -> 3 | O97: =N97*(1+$AC97/Keys!$C$7^ROUNDUP((O$60-Keys!$C$6)/Keys!$C$8,0)) -> 3 | P97: =O97*(1+$AC97/Keys!$C$7^ROUNDUP((P$60-Keys!$C$6)/Keys!$C$8,0)) -> 3 | ... AB97: =AA97*(1+$AC97/Keys!$C$7^ROUNDUP((AB$60-Keys!$C$6)/Keys!$C$8,0)) -> 3 | AC97: =IFERROR((EPRI_PI2026!$I$40/EPRI_PI2026!$F$40)^(1/6)-1,0) -> 0
A98: SC | B98: =IFERROR(EPRI_PI2026!$F$41,0) -> 551 | C98: =B98*(1+$AC98) -> 658.81576 | D98: =C98*(1+$AC98) -> 787.72814 | E98: =D98*(1+$AC98) -> 941.86517 | F98: =E98*(1+$AC98) -> 1126.1626 | G98: =F98*(1+$AC98) -> 1346.5221 | H98: =G98*(1+$AC98) -> 1610 | I98: =H98*(1+$AC98/Keys!$C$7^ROUNDUP((I$60-Keys!$C$6)/Keys!$C$8,0)) -> 1688.7583 | J98: =I98*(1+$AC98/Keys!$C$7^ROUNDUP((J$60-Keys!$C$6)/Keys!$C$8,0)) -> 1771.3694 | K98: =J98*(1+$AC98/Keys!$C$7^ROUNDUP((K$60-Keys!$C$6)/Keys!$C$8,0)) -> 1858.0216 | L98: =K98*(1+$AC98/Keys!$C$7^ROUNDUP((L$60-Keys!$C$6)/Keys!$C$8,0)) -> 1948.9127 | M98: =L98*(1+$AC98/Keys!$C$7^ROUNDUP((M$60-Keys!$C$6)/Keys!$C$8,0)) -> 2044.2501 | N98: =M98*(1+$AC98/Keys!$C$7^ROUNDUP((N$60-Keys!$C$6)/Keys!$C$8,0)) -> 2069.2503 | O98: =N98*(1+$AC98/Keys!$C$7^ROUNDUP((O$60-Keys!$C$6)/Keys!$C$8,0)) -> 2094.5564 | P98: =O98*(1+$AC98/Keys!$C$7^ROUNDUP((P$60-Keys!$C$6)/Keys!$C$8,0)) -> 2120.1719 | ... AB98: =AA98*(1+$AC98/Keys!$C$7^ROUNDUP((AB$60-Keys!$C$6)/Keys!$C$8,0)) -> 2214.2014 | AC98: =IFERROR((EPRI_PI2026!$I$41/EPRI_PI2026!$F$41)^(1/6)-1,0) -> 0.19567288
A99: SD | B99: =IFERROR(EPRI_PI2026!$F$42,0) -> 30 | C99: =B99*(1+$AC99) -> 30.164398 | D99: =C99*(1+$AC99) -> 30.329697 | E99: =D99*(1+$AC99) -> 30.495901 | F99: =E99*(1+$AC99) -> 30.663017 | G99: =F99*(1+$AC99) -> 30.831048 | H99: =G99*(1+$AC99) -> 31 | I99: =H99*(1+$AC99/Keys!$C$7^ROUNDUP((I$60-Keys!$C$6)/Keys!$C$8,0)) -> 31.042469 | J99: =I99*(1+$AC99/Keys!$C$7^ROUNDUP((J$60-Keys!$C$6)/Keys!$C$8,0)) -> 31.084997 | K99: =J99*(1+$AC99/Keys!$C$7^ROUNDUP((K$60-Keys!$C$6)/Keys!$C$8,0)) -> 31.127583 | L99: =K99*(1+$AC99/Keys!$C$7^ROUNDUP((L$60-Keys!$C$6)/Keys!$C$8,0)) -> 31.170227 | M99: =L99*(1+$AC99/Keys!$C$7^ROUNDUP((M$60-Keys!$C$6)/Keys!$C$8,0)) -> 31.21293 | N99: =M99*(1+$AC99/Keys!$C$7^ROUNDUP((N$60-Keys!$C$6)/Keys!$C$8,0)) -> 31.22362 | O99: =N99*(1+$AC99/Keys!$C$7^ROUNDUP((O$60-Keys!$C$6)/Keys!$C$8,0)) -> 31.234314 | P99: =O99*(1+$AC99/Keys!$C$7^ROUNDUP((P$60-Keys!$C$6)/Keys!$C$8,0)) -> 31.245012 | ... AB99: =AA99*(1+$AC99/Keys!$C$7^ROUNDUP((AB$60-Keys!$C$6)/Keys!$C$8,0)) -> 31.283154 | AC99: =IFERROR((EPRI_PI2026!$I$42/EPRI_PI2026!$F$42)^(1/6)-1,0) -> 0.0054799307
A100: TN | B100: =IFERROR(EPRI_PI2026!$F$43,0) -> 755 | C100: =B100*(1+$AC100) -> 819.31261 | D100: =C100*(1+$AC100) -> 889.10351 | E100: =D100*(1+$AC100) -> 964.83936 | F100: =E100*(1+$AC100) -> 1047.0266 | G100: =F100*(1+$AC100) -> 1136.2147 | H100: =G100*(1+$AC100) -> 1233 | I100: =H100*(1+$AC100/Keys!$C$7^ROUNDUP((I$60-Keys!$C$6)/Keys!$C$8,0)) -> 1259.2574 | J100: =I100*(1+$AC100/Keys!$C$7^ROUNDUP((J$60-Keys!$C$6)/Keys!$C$8,0)) -> 1286.074 | K100: =J100*(1+$AC100/Keys!$C$7^ROUNDUP((K$60-Keys!$C$6)/Keys!$C$8,0)) -> 1313.4617 | L100: =K100*(1+$AC100/Keys!$C$7^ROUNDUP((L$60-Keys!$C$6)/Keys!$C$8,0)) -> 1341.4326 | M100: =L100*(1+$AC100/Keys!$C$7^ROUNDUP((M$60-Keys!$C$6)/Keys!$C$8,0)) -> 1369.9992 | N100: =M100*(1+$AC100/Keys!$C$7^ROUNDUP((N$60-Keys!$C$6)/Keys!$C$8,0)) -> 1377.2929 | O100: =N100*(1+$AC100/Keys!$C$7^ROUNDUP((O$60-Keys!$C$6)/Keys!$C$8,0)) -> 1384.6255 | P100: =O100*(1+$AC100/Keys!$C$7^ROUNDUP((P$60-Keys!$C$6)/Keys!$C$8,0)) -> 1391.9971 | ... AB100: =AA100*(1+$AC100/Keys!$C$7^ROUNDUP((AB$60-Keys!$C$6)/Keys!$C$8,0)) -> 1418.6034 | AC100: =IFERROR((EPRI_PI2026!$I$43/EPRI_PI2026!$F$43)^(1/6)-1,0) -> 0.085182265
A101: TX | B101: =IFERROR(EPRI_PI2026!$F$44,0) -> 7315 | C101: =B101*(1+$AC101) -> 8155.9293 | D101: =C101*(1+$AC101) -> 9093.5314 | E101: =D101*(1+$AC101) -> 10138.92 | F101: =E101*(1+$AC101) -> 11304.486 | G101: =F101*(1+$AC101) -> 12604.044 | H101: =G101*(1+$AC101) -> 14053 | I101: =H101*(1+$AC101/Keys!$C$7^ROUNDUP((I$60-Keys!$C$6)/Keys!$C$8,0)) -> 14456.882 | J101: =I101*(1+$AC101/Keys!$C$7^ROUNDUP((J$60-Keys!$C$6)/Keys!$C$8,0)) -> 14872.371 | K101: =J101*(1+$AC101/Keys!$C$7^ROUNDUP((K$60-Keys!$C$6)/Keys!$C$8,0)) -> 15299.801 | L101: =K101*(1+$AC101/Keys!$C$7^ROUNDUP((L$60-Keys!$C$6)/Keys!$C$8,0)) -> 15739.516 | M101: =L101*(1+$AC101/Keys!$C$7^ROUNDUP((M$60-Keys!$C$6)/Keys!$C$8,0)) -> 16191.868 | N101: =M101*(1+$AC101/Keys!$C$7^ROUNDUP((N$60-Keys!$C$6)/Keys!$C$8,0)) -> 16308.206 | O101: =N101*(1+$AC101/Keys!$C$7^ROUNDUP((O$60-Keys!$C$6)/Keys!$C$8,0)) -> 16425.38 | P101: =O101*(1+$AC101/Keys!$C$7^ROUNDUP((P$60-Keys!$C$6)/Keys!$C$8,0)) -> 16543.396 | ... AB101: =AA101*(1+$AC101/Keys!$C$7^ROUNDUP((AB$60-Keys!$C$6)/Keys!$C$8,0)) -> 16971.297 | AC101: =IFERROR((EPRI_PI2026!$I$44/EPRI_PI2026!$F$44)^(1/6)-1,0) -> 0.11495957
A102: UT | B102: =IFERROR(EPRI_PI2026!$F$45,0) -> 497 | C102: =B102*(1+$AC102) -> 545.2975 | D102: =C102*(1+$AC102) -> 598.28846 | E102: =D102*(1+$AC102) -> 656.42898 | F102: =E102*(1+$AC102) -> 720.21948 | G102: =F102*(1+$AC102) -> 790.20901 | H102: =G102*(1+$AC102) -> 867 | I102: =H102*(1+$AC102/Keys!$C$7^ROUNDUP((I$60-Keys!$C$6)/Keys!$C$8,0)) -> 888.06335 | J102: =I102*(1+$AC102/Keys!$C$7^ROUNDUP((J$60-Keys!$C$6)/Keys!$C$8,0)) -> 909.63842 | K102: =J102*(1+$AC102/Keys!$C$7^ROUNDUP((K$60-Keys!$C$6)/Keys!$C$8,0)) -> 931.73764 | L102: =K102*(1+$AC102/Keys!$C$7^ROUNDUP((L$60-Keys!$C$6)/Keys!$C$8,0)) -> 954.37376 | M102: =L102*(1+$AC102/Keys!$C$7^ROUNDUP((M$60-Keys!$C$6)/Keys!$C$8,0)) -> 977.55981 | N102: =M102*(1+$AC102/Keys!$C$7^ROUNDUP((N$60-Keys!$C$6)/Keys!$C$8,0)) -> 983.49714 | O102: =N102*(1+$AC102/Keys!$C$7^ROUNDUP((O$60-Keys!$C$6)/Keys!$C$8,0)) -> 989.47054 | P102: =O102*(1+$AC102/Keys!$C$7^ROUNDUP((P$60-Keys!$C$6)/Keys!$C$8,0)) -> 995.48022 | ... AB102: =AA102*(1+$AC102/Keys!$C$7^ROUNDUP((AB$60-Keys!$C$6)/Keys!$C$8,0)) -> 1017.2108 | AC102: =IFERROR((EPRI_PI2026!$I$45/EPRI_PI2026!$F$45)^(1/6)-1,0) -> 0.097178069
A103: VT | B103: =IFERROR(EPRI_PI2026!$F$46,0) -> 2 | C103: =B103*(1+$AC103) -> 2 | D103: =C103*(1+$AC103) -> 2 | E103: =D103*(1+$AC103) -> 2 | F103: =E103*(1+$AC103) -> 2 | G103: =F103*(1+$AC103) -> 2 | H103: =G103*(1+$AC103) -> 2 | I103: =H103*(1+$AC103/Keys!$C$7^ROUNDUP((I$60-Keys!$C$6)/Keys!$C$8,0)) -> 2 | J103: =I103*(1+$AC103/Keys!$C$7^ROUNDUP((J$60-Keys!$C$6)/Keys!$C$8,0)) -> 2 | K103: =J103*(1+$AC103/Keys!$C$7^ROUNDUP((K$60-Keys!$C$6)/Keys!$C$8,0)) -> 2 | L103: =K103*(1+$AC103/Keys!$C$7^ROUNDUP((L$60-Keys!$C$6)/Keys!$C$8,0)) -> 2 | M103: =L103*(1+$AC103/Keys!$C$7^ROUNDUP((M$60-Keys!$C$6)/Keys!$C$8,0)) -> 2 | N103: =M103*(1+$AC103/Keys!$C$7^ROUNDUP((N$60-Keys!$C$6)/Keys!$C$8,0)) -> 2 | O103: =N103*(1+$AC103/Keys!$C$7^ROUNDUP((O$60-Keys!$C$6)/Keys!$C$8,0)) -> 2 | P103: =O103*(1+$AC103/Keys!$C$7^ROUNDUP((P$60-Keys!$C$6)/Keys!$C$8,0)) -> 2 | ... AB103: =AA103*(1+$AC103/Keys!$C$7^ROUNDUP((AB$60-Keys!$C$6)/Keys!$C$8,0)) -> 2 | AC103: =IFERROR((EPRI_PI2026!$I$46/EPRI_PI2026!$F$46)^(1/6)-1,0) -> 0
...

Sheet BDCL-low
A1: Year | B1: 2024 | C1: 2025 | D1: 2026 | E1: 2027 | F1: 2028 | G1: 2029 | H1: 2030 | I1: 2031 | J1: 2032 | K1: 2033 | L1: 2034 | M1: 2035 | N1: 2036 | O1: 2037 | P1: 2038 | Q1: 2039 | R1: 2040 | S1: 2041 | T1: 2042 | U1: 2043 | V1: 2044 | W1: 2045 | X1: 2046 | Y1: 2047 | Z1: 2048 | AA1: 2049 | AB1: 2050
A2: electricity (MWh) | B2: =Calcs!B171 -> 7856762.1 | C2: =Calcs!C171 -> 8339576.2 | D2: =Calcs!D171 -> 8821661.9 | E2: =Calcs!E171 -> 9293214.9 | F2: =Calcs!F171 -> 9739603.7 | G2: =Calcs!G171 -> 10138411 | H2: =Calcs!H171 -> 10454586 | I2: =Calcs!I171 -> 10506533 | ... AB2: =Calcs!AB171 -> 10385817
A4: Active state = About!B1. EPS InputData format: Year header + electricity (MWh) row.

Sheet BDCL-mid
A1: Year | B1: 2024 | C1: 2025 | D1: 2026 | E1: 2027 | F1: 2028 | G1: 2029 | H1: 2030 | I1: 2031 | J1: 2032 | K1: 2033 | L1: 2034 | M1: 2035 | N1: 2036 | O1: 2037 | P1: 2038 | Q1: 2039 | R1: 2040 | S1: 2041 | T1: 2042 | U1: 2043 | V1: 2044 | W1: 2045 | X1: 2046 | Y1: 2047 | Z1: 2048 | AA1: 2049 | AB1: 2050
A2: electricity (MWh) | B2: =Calcs!B172 -> 7856762.1 | C2: =Calcs!C172 -> 8798283.4 | D2: =Calcs!D172 -> 9789707.5 | E2: =Calcs!E172 -> 10811752 | F2: =Calcs!F172 -> 11833624 | G2: =Calcs!G172 -> 12808177 | H2: =Calcs!H172 -> 13665989 | I2: =Calcs!I172 -> 13828182 | ... AB2: =Calcs!AB172 -> 14038928
A4: Active state = About!B1. EPS InputData format: Year header + electricity (MWh) row.

Sheet BDCL-high
A1: Year | B1: 2024 | C1: 2025 | D1: 2026 | E1: 2027 | F1: 2028 | G1: 2029 | H1: 2030 | I1: 2031 | J1: 2032 | K1: 2033 | L1: 2034 | M1: 2035 | N1: 2036 | O1: 2037 | P1: 2038 | Q1: 2039 | R1: 2040 | S1: 2041 | T1: 2042 | U1: 2043 | V1: 2044 | W1: 2045 | X1: 2046 | Y1: 2047 | Z1: 2048 | AA1: 2049 | AB1: 2050
A2: electricity (MWh) | B2: =Calcs!B173 -> 7856762.1 | C2: =Calcs!C173 -> 9411653.3 | D2: =Calcs!D173 -> 11190036 | E2: =Calcs!E173 -> 13191360 | F2: =Calcs!F173 -> 15395093 | G2: =Calcs!G173 -> 17748076 | H2: =Calcs!H173 -> 20147017 | I2: =Calcs!I173 -> 20710471 | ... AB2: =Calcs!AB173 -> 22813028
A4: Active state = About!B1. EPS InputData format: Year header + electricity (MWh) row.
