Workbook

Sheet About
A1: DRCF Demand Response Capacity Factor | B1: Iowa
A3: Sources: | B3: U.S. Energy Information Administration
B4: 2021
B5: Form 861
B6: https://www.eia.gov/electricity/data/eia861/
B7: Demand_Response_2021.xlsx
A9: Notes:
A10: We calculate the capacity factor as the total MWh
A11: demand response generation divided by the MW
A12: peak demand savings times the number of hours
A13: per year.

Sheet Form 861
A1: Utility Characteristics | F1: Yearly Energy and Demand Savings | Z1: Program Costs | AJ1: DSM Program
F2: Number of Customers Enrolled | K2: Energy Savings (MWh) | P2: Potential Peak Demand Savings (MW) | U2: Actual Peak Demand Savings (MW) | Z2: Customer Incentives (Thousand Dollars) | AE2: All Other Costs (Thousand Dollars) | AJ2: Grid Connected
A3: Data Year | B3: Utility Number | C3: Utility Name | D3: State | E3: BA Code | F3: Residential | G3: Commercial | H3: Industrial | I3: Transportation | J3: Total | K3: Residential | L3: Commercial | M3: Industrial | N3: Transportation | O3: Total | P3: Residential | Q3: Commercial | R3: Industrial | S3: Transportation | T3: Total | U3: Residential | V3: Commercial | W3: Industrial | X3: Transportation | Y3: Total | Z3: Residential | AA3: Commercial | AB3: Industrial | AC3: Transportation | AD3: Total | AE3: Residential | AF3: Commercial | AG3: Industrial | AH3: Transportation | AI3: Total | AJ3: Water Heater
A4: 2021 | B4: 162 | C4: Aiken Electric Coop Inc | D4: SC | E4: SC | F4: 284 | G4: 0 | H4: 0 | I4: 0 | J4: 284 | K4: 3.525 | L4: 0 | M4: 0 | N4: 0 | O4: 3.525 | P4: 0.202 | Q4: 0 | R4: 0 | S4: 0 | T4: 0.202 | U4: 0.202 | V4: 0 | W4: 0 | X4: 0 | Y4: 0.202 | Z4: 14.2 | AA4: 0 | AB4: 0 | AC4: 0 | AD4: 14.2 | AE4: 0 | AF4: 0 | AG4: 0 | AH4: 0 | AI4: 0 | AJ4: 231
A5: 2021 | B5: 189 | C5: PowerSouth Energy Cooperative | D5: AL | E5: SOCO | F5: 20948 | G5: . | H5: . | I5: . | J5: 20948 | K5: 0 | L5: . | M5: . | N5: . | O5: 0 | P5: 18 | Q5: . | R5: . | S5: . | T5: 18 | U5: 18 | V5: . | W5: . | X5: . | Y5: 18 | Z5: 0 | AA5: . | AB5: . | AC5: . | AD5: 0 | AE5: 105 | AF5: . | AG5: . | AH5: . | AI5: 105 | AJ5: 177
A6: 2021 | B6: 195 | C6: Alabama Power Co | D6: AL | E6: SOCO | F6: 5488 | G6: 5 | H6: 28 | I6: . | J6: 5521 | K6: 0 | L6: 0 | M6: 0 | N6: . | O6: 0 | P6: 147.394 | Q6: 4.455 | R6: 1530.676 | S6: . | T6: 1682.525 | U6: 2.479 | V6: 0 | W6: 0 | X6: . | Y6: 2.479 | Z6: 250.375 | AA6: 107.474 | AB6: 26583.809 | AC6: . | AD6: 26941.658 | AE6: 842.046 | AF6: 10.133 | AG6: 1129.619 | AH6: . | AI6: 1981.798 | AJ6: .
A7: 2021 | B7: 207 | C7: Alameda Municipal Power | D7: CA | E7: CISO | F7: 32044 | G7: 4135 | H7: . | I7: . | J7: 36179 | K7: . | L7: . | M7: . | N7: . | O7: . | P7: . | Q7: . | R7: . | S7: . | T7: . | U7: . | V7: . | W7: . | X7: . | Y7: . | Z7: . | AA7: . | AB7: . | AC7: . | AD7: . | AE7: . | AF7: . | AG7: . | AH7: . | AI7: . | AJ7: .
A8: 2021 | B8: 213 | C8: Alaska Electric Light & Power Co. | D8: AK | E8: NA | F8: 2263 | G8: 30 | H8: . | I8: . | J8: 2293 | K8: . | L8: . | M8: . | N8: . | O8: . | P8: 5 | Q8: 13 | R8: . | S8: . | T8: 18 | U8: . | V8: . | W8: . | X8: . | Y8: . | Z8: 63.569 | AA8: 0.843 | AB8: . | AC8: . | AD8: 64.412 | AE8: 1.7 | AF8: 0.023 | AG8: . | AH8: . | AI8: 1.723 | AJ8: .
A9: 2021 | B9: 295 | C9: City of Alexandria - (MN) | D9: MN | E9: MISO | F9: 2823 | G9: . | H9: . | I9: . | J9: 2823 | K9: . | L9: . | M9: . | N9: . | O9: . | P9: 9 | Q9: . | R9: . | S9: . | T9: 9 | U9: 3.7 | V9: . | W9: . | X9: . | Y9: 3.7 | Z9: 0 | AA9: . | AB9: . | AC9: . | AD9: 0 | AE9: 42.7 | AF9: . | AG9: . | AH9: . | AI9: 42.7 | AJ9: .
A10: 2021 | B10: 332 | C10: Allegheny Electric Coop Inc | D10: PA | E10: PJM | F10: 45080 | G10: . | H10: . | I10: . | J10: 45080 | K10: . | L10: . | M10: . | N10: . | O10: . | P10: 45 | Q10: . | R10: . | S10: . | T10: 45 | U10: 43 | V10: . | W10: . | X10: . | Y10: 43 | Z10: . | AA10: . | AB10: . | AC10: . | AD10: . | AE10: 2680.233 | AF10: . | AG10: . | AH10: . | AI10: 2680.233 | AJ10: .
A11: 2021 | B11: 407 | C11: Altamaha Electric Member Corp | D11: GA | E11: SOCO | F11: . | G11: . | H11: 234 | I11: . | J11: 234 | K11: . | L11: . | M11: 151 | N11: . | O11: 151 | P11: . | Q11: . | R11: 16 | S11: . | T11: 16 | U11: . | V11: . | W11: 10 | X11: . | Y11: 10 | Z11: . | AA11: . | AB11: . | AC11: . | AD11: . | AE11: . | AF11: . | AG11: 130 | AH11: . | AI11: 130 | AJ11: .
A12: 2021 | B12: 590 | C12: City of Anaheim - (CA) | D12: CA | E12: CISO | F12: 431 | G12: 12 | H12: . | I12: . | J12: 443 | K12: 2.248 | L12: . | M12: . | N12: . | O12: 2.248 | P12: . | Q12: 8.4 | R12: . | S12: . | T12: 8.4 | U12: . | V12: . | W12: . | X12: . | Y12: . | Z12: 6.481 | AA12: . | AB12: . | AC12: . | AD12: 6.481 | AE12: . | AF12: . | AG12: . | AH12: . | AI12: . | AJ12: .
A13: 2021 | B13: 733 | C13: Appalachian Power Co | D13: VA | E13: PJM | F13: 4031 | G13: 0 | H13: 0 | I13: 0 | J13: 4031 | K13: 122 | L13: 0 | M13: 0 | N13: 0 | O13: 122 | P13: 4.5 | Q13: 0 | R13: 0 | S13: 0 | T13: 4.5 | U13: 4.5 | V13: 0 | W13: 0 | X13: 0 | Y13: 4.5 | Z13: 222 | AA13: 0 | AB13: 0 | AC13: 0 | AD13: 222 | AE13: 488 | AF13: 0 | AG13: 0 | AH13: 0 | AI13: 488 | AJ13: .
A14: 2021 | B14: 733 | C14: Appalachian Power Co | D14: WV | E14: PJM | F14: 2278 | G14: 0 | H14: 5 | I14: 0 | J14: 2283 | K14: 53 | L14: 0 | M14: 0 | N14: 0 | O14: 53 | P14: 1.8 | Q14: 0 | R14: 68.2 | S14: 0 | T14: 70 | U14: 1.8 | V14: 0 | W14: 0 | X14: 0 | Y14: 1.8 | Z14: 99 | AA14: 0 | AB14: 0 | AC14: 0 | AD14: 99 | AE14: 274 | AF14: 0 | AG14: 0 | AH14: 0 | AI14: 274 | AJ14: .
A15: 2021 | B15: 803 | C15: Arizona Public Service Co | D15: AZ | E15: AZPS | F15: 781061 | G15: 223 | H15: . | I15: . | J15: 781284 | K15: 781279 | L15: 538 | M15: . | N15: . | O15: 781817 | P15: 191.3 | Q15: 20.7 | R15: . | S15: . | T15: 212 | U15: 191.3 | V15: 20.7 | W15: . | X15: . | Y15: 212 | Z15: 5783.3 | AA15: . | AB15: . | AC15: . | AD15: 5783.3 | AE15: 3813.6 | AF15: 1008 | AG15: . | AH15: . | AI15: 4821.6 | AJ15: 6
A16: 2021 | B16: 807 | C16: Arkansas Electric Coop Corp | D16: AR | E16: MISO | F16: . | G16: . | H16: 8 | I16: . | J16: 8 | K16: . | L16: . | M16: . | N16: . | O16: . | P16: . | Q16: . | R16: 628 | S16: . | T16: 628 | U16: . | V16: . | W16: . | X16: . | Y16: . | Z16: . | AA16: . | AB16: 28299.451 | AC16: . | AD16: 28299.451 | AE16: . | AF16: . | AG16: . | AH16: . | AI16: . | AJ16: .
A17: 2021 | B17: 814 | C17: Entergy Arkansas LLC | D17: AR | E17: MISO | F17: 19655 | G17: 146 | H17: 1861 | I17: . | J17: 21662 | K17: 2169 | L17: 1047 | M17: 1767 | N17: . | O17: 4983 | P17: 21.2 | Q17: . | R17: 356.7 | S17: . | T17: 377.9 | U17: 21.2 | V17: . | W17: 22.3 | X17: . | Y17: 43.5 | Z17: 312 | AA17: 1183 | AB17: 434 | AC17: . | AD17: 1929 | AE17: 611 | AF17: 3430 | AG17: 3099 | AH17: . | AI17: 7140 | AJ17: .
A18: 2021 | B18: 1009 | C18: City of Austin - (MN) | D18: MN | E18: MISO | F18: 6802 | G18: 2 | H18: . | I18: . | J18: 6804 | K18: 148 | L18: 1.253 | M18: . | N18: . | O18: 149.253 | P18: 3.911 | Q18: 0.37 | R18: . | S18: . | T18: 4.281 | U18: 3.911 | V18: 0.301 | W18: . | X18: . | Y18: 4.212 | Z18: 0 | AA18: 17.638 | AB18: . | AC18: . | AD18: 17.638 | AE18: 0 | AF18: 0 | AG18: . | AH18: . | AI18: 0 | AJ18: .
A19: 2021 | B19: 1015 | C19: Austin Energy | D19: TX | E19: ERCO | F19: 81591 | G19: 4393 | H19: 1464 | I19: . | J19: 87448 | K19: 621.495 | L19: 1234.579 | M19: 411.526 | N19: . | O19: 2267.6 | P19: 92.927 | Q19: 5.26 | R19: 1.753 | S19: . | T19: 99.94 | U19: 43.776 | V19: 4.347 | W19: 1.403 | X19: . | Y19: 49.526 | Z19: 1779.615 | AA19: 712.405 | AB19: 237.468 | AC19: . | AD19: 2729.488 | AE19: 606.243 | AF19: 465.824 | AG19: 155.275 | AH19: . | AI19: 1227.342 | AJ19: 1119
A20: 2021 | B20: 1167 | C20: Baltimore Gas & Electric Co | D20: MD | E20: PJM | F20: 851307 | G20: . | H20: . | I20: . | J20: 851307 | K20: 97.755 | L20: . | M20: . | N20: . | O20: 97.755 | P20: 341.41 | Q20: . | R20: . | S20: . | T20: 341.41 | U20: 0 | V20: . | W20: . | X20: . | Y20: 0 | Z20: 26094.675 | AA20: . | AB20: . | AC20: . | AD20: 26094.675 | AE20: 10031.227 | AF20: . | AG20: . | AH20: . | AI20: 10031.227 | AJ20: .
A21: 2021 | B21: 1251 | C21: Barron Electric Coop | D21: WI | E21: MISO | F21: 6211 | G21: 253 | H21: 0 | I21: 0 | J21: 6464 | K21: 0 | L21: 0 | M21: 0 | N21: 0 | O21: 0 | P21: 6.748 | Q21: 3.903 | R21: 0 | S21: 0 | T21: 10.651 | U21: 4.58 | V21: 2.649 | W21: 0 | X21: 0 | Y21: 7.229 | Z21: 24 | AA21: 1 | AB21: 0 | AC21: 0 | AD21: 25 | AE21: 85 | AF21: 3 | AG21: 0 | AH21: 0 | AI21: 88 | AJ21: 9
A22: 2021 | B22: 1529 | C22: Beltrami Electric Coop, Inc | D22: MN | E22: MISO | F22: 7376 | G22: 205 | H22: . | I22: 0 | J22: 7581 | K22: 2.102 | L22: 60.84 | M22: 0 | N22: 0 | O22: 62.942 | P22: 219.96 | Q22: 6.36 | R22: 0 | S22: 0 | T22: 226.32 | U22: 28.59 | V22: 0.82 | W22: 0 | X22: 0 | Y22: 29.41 | Z22: 60.98 | AA22: 1.77 | AB22: 0 | AC22: 0 | AD22: 62.75 | AE22: 439.75 | AF22: 12.73 | AG22: 0 | AH22: 0 | AI22: 452.48 | AJ22: 0
A23: 2021 | B23: 1613 | C23: Berkeley Electric Coop Inc | D23: SC | E23: SC | F23: 448 | G23: . | H23: . | I23: . | J23: 448 | K23: 19.375 | L23: . | M23: . | N23: . | O23: 19.375 | P23: 0.398 | Q23: . | R23: . | S23: . | T23: 0.398 | U23: 0.398 | V23: . | W23: . | X23: . | Y23: 0.398 | Z23: 86.65 | AA23: . | AB23: . | AC23: . | AD23: 86.65 | AE23: 27 | AF23: . | AG23: . | AH23: . | AI23: 27 | AJ23: 205
A24: 2021 | B24: 1769 | C24: Black Hills Electric Coop, Inc | D24: SD | E24: SWPP | F24: 495 | G24: 20 | H24: 0 | I24: 0 | J24: 515 | K24: 4.264 | L24: 1 | M24: 0 | N24: 0 | O24: 5.264 | P24: 1.058 | Q24: 0.2 | R24: 0 | S24: 0 | T24: 1.258 | U24: 0.593 | V24: 0.2 | W24: 0 | X24: 0 | Y24: 0.793 | Z24: 0 | AA24: 0 | AB24: 0 | AC24: 0 | AD24: 0 | AE24: 5.2 | AF24: 0.5 | AG24: 0 | AH24: 0 | AI24: 5.7 | AJ24: 19
A25: 2021 | B25: 1889 | C25: Blue Ridge Elec Member Corp - (NC) | D25: NC | E25: DUK | F25: 39416 | G25: . | H25: . | I25: . | J25: 39416 | K25: 2.346 | L25: . | M25: . | N25: . | O25: 2.346 | P25: 3.32 | Q25: . | R25: . | S25: . | T25: 3.32 | U25: 2.598 | V25: . | W25: . | X25: . | Y25: 2.598 | Z25: 23.872 | AA25: . | AB25: . | AC25: . | AD25: 23.872 | AE25: . | AF25: . | AG25: . | AH25: . | AI25: . | AJ25: .
A26: 2021 | B26: 2212 | C26: Broad River Electric Coop, Inc | D26: NC | E26: DUK | F26: 15 | G26: . | H26: . | I26: . | J26: 15 | K26: . | L26: . | M26: . | N26: . | O26: . | P26: 0.016 | Q26: . | R26: . | S26: . | T26: 0.016 | U26: 0.016 | V26: . | W26: . | X26: . | Y26: 0.016 | Z26: 0.75 | AA26: . | AB26: . | AC26: . | AD26: 0.75 | AE26: . | AF26: . | AG26: . | AH26: . | AI26: . | AJ26: .
A27: 2021 | B27: 2678 | C27: C & L Electric Coop Corp | D27: AR | E27: MISO | F27: . | G27: 29 | H27: . | I27: . | J27: 29 | K27: . | L27: . | M27: . | N27: . | O27: . | P27: . | Q27: 0.905 | R27: . | S27: . | T27: 0.905 | U27: . | V27: 0.472 | W27: . | X27: . | Y27: 0.472 | Z27: . | AA27: 10.369 | AB27: . | AC27: . | AD27: 10.369 | AE27: . | AF27: . | AG27: . | AH27: . | AI27: . | AJ27: .
A28: 2021 | B28: 2985 | C28: Capital Electric Coop, Inc | D28: ND | E28: SWPP | F28: 7557 | G28: 10 | H28: 24 | I28: . | J28: 7591 | K28: . | L28: . | M28: . | N28: . | O28: . | P28: 13.934 | Q28: 5.796 | R28: 6.133 | S28: . | T28: 25.863 | U28: 11.06 | V28: 5.767 | W28: 6.133 | X28: . | Y28: 22.96 | Z28: 142.744 | AA28: 64.608 | AB28: 71.76 | AC28: . | AD28: 279.112 | AE28: 164.79 | AF28: 0.218 | AG28: 0.523 | AH28: . | AI28: 165.531 | AJ28: 66
A29: 2021 | B29: 3046 | C29: Duke Energy Progress - (NC) | D29: NC | E29: CPLE | F29: 198051 | G29: 2755 | H29: . | I29: . | J29: 200806 | K29: . | L29: . | M29: . | N29: . | O29: . | P29: 378.128 | Q29: 148.813 | R29: . | S29: . | T29: 526.941 | U29: . | V29: . | W29: . | X29: . | Y29: . | Z29: 5237.116 | AA29: 1982.709 | AB29: . | AC29: . | AD29: 7219.825 | AE29: 5855.948 | AF29: 157.254 | AG29: . | AH29: . | AI29: 6013.202 | AJ29: .
A30: 2021 | B30: 3046 | C30: Duke Energy Progress - (NC) | D30: SC | E30: CPLE | F30: 16579 | G30: 282 | H30: . | I30: . | J30: 16861 | K30: . | L30: . | M30: . | N30: . | O30: . | P30: 32.01 | Q30: 100.92 | R30: . | S30: . | T30: 132.93 | U30: . | V30: . | W30: . | X30: . | Y30: . | Z30: 758 | AA30: 287 | AB30: . | AC30: . | AD30: 1045 | AE30: 847 | AF30: 23 | AG30: . | AH30: . | AI30: 870 | AJ30: .
A31: 2021 | B31: 3107 | C31: Carteret-Craven El Member Corp | D31: NC | E31: CPLE | F31: 1435 | G31: 36 | H31: . | I31: . | J31: 1471 | K31: 820.07 | L31: 48 | M31: . | N31: . | O31: 868.07 | P31: 0.034 | Q31: 2.02 | R31: . | S31: . | T31: 2.054 | U31: 0.034 | V31: 2.02 | W31: . | X31: . | Y31: 2.054 | Z31: 0 | AA31: 64.944 | AB31: . | AC31: . | AD31: 64.944 | AE31: 0 | AF31: 3.24 | AG31: . | AH31: . | AI31: 3.24 | AJ31: .
A32: 2021 | B32: 3205 | C32: Cedar-Knox Public Power Dist | D32: NE | E32: SWPP | F32: . | G32: . | H32: 734 | I32: . | J32: 734 | K32: . | L32: . | M32: . | N32: . | O32: . | P32: . | Q32: . | R32: 45.063 | S32: . | T32: 45.063 | U32: . | V32: . | W32: 23.357 | X32: . | Y32: 23.357 | Z32: . | AA32: . | AB32: . | AC32: . | AD32: . | AE32: . | AF32: . | AG32: 121.519 | AH32: . | AI32: 121.519 | AJ32: .
A33: 2021 | B33: 3222 | C33: Central Alabama Electric Coop | D33: AL | E33: SOCO | F33: 166 | G33: . | H33: . | I33: . | J33: 166 | K33: 136.972 | L33: . | M33: . | N33: . | O33: 136.972 | P33: 0.278 | Q33: . | R33: . | S33: . | T33: 0.278 | U33: 0.278 | V33: . | W33: . | X33: . | Y33: 0.278 | Z33: . | AA33: . | AB33: . | AC33: . | AD33: . | AE33: 17 | AF33: . | AG33: . | AH33: . | AI33: 17 | AJ33: .
A34: 2021 | B34: 3248 | C34: Central Georgia El Member Corp | D34: GA | E34: SOCO | F34: 3339 | G34: . | H34: . | I34: . | J34: 3339 | K34: 188 | L34: . | M34: . | N34: . | O34: 188 | P34: 7 | Q34: . | R34: . | S34: . | T34: 7 | U34: 4 | V34: . | W34: . | X34: . | Y34: 4 | Z34: 73 | AA34: . | AB34: . | AC34: . | AD34: 73 | AE34: 133 | AF34: . | AG34: . | AH34: . | AI34: 133 | AJ34: 529
A35: 2021 | B35: 3249 | C35: Central Hudson Gas & Elec Corp | D35: NY | E35: NYIS | F35: 3901 | G35: 10 | H35: 4 | I35: . | J35: 3915 | K35: 17.204 | L35: 1.084 | M35: 3.065 | N35: . | O35: 21.353 | P35: 4.301 | Q35: 1.084 | R35: 3.065 | S35: . | T35: 8.45 | U35: 4.301 | V35: 1.084 | W35: 3.065 | X35: . | Y35: 8.45 | Z35: . | AA35: . | AB35: . | AC35: . | AD35: . | AE35: . | AF35: . | AG35: . | AH35: . | AI35: . | AJ35: .
A36: 2021 | B36: 3278 | C36: AEP Texas Central Company | D36: TX | E36: ERCO | F36: 0 | G36: 68 | H36: 0 | I36: 0 | J36: 68 | K36: 0 | L36: 19 | M36: 0 | N36: 0 | O36: 19 | P36: 0 | Q36: 28.4 | R36: 0 | S36: 0 | T36: 28.4 | U36: 0 | V36: 19.4 | W36: 0 | X36: 0 | Y36: 19.4 | Z36: 0 | AA36: 500 | AB36: 0 | AC36: 0 | AD36: 500 | AE36: 0 | AF36: 54 | AG36: 0 | AH36: 0 | AI36: 54 | AJ36: .
A37: 2021 | B37: 3279 | C37: Central Power Elec Coop, Inc | D37: ND | E37: SWPP | F37: . | G37: . | H37: . | I37: . | J37: . | K37: 2838 | L37: 560.6 | M37: . | N37: . | O37: 3398.6 | P37: 13.38 | Q37: 1.372 | R37: . | S37: . | T37: 14.752 | U37: 13.38 | V37: 1.372 | W37: . | X37: . | Y37: 14.752 | Z37: 284.085 | AA37: 366.379 | AB37: 28.883 | AC37: . | AD37: 679.347 | AE37: . | AF37: . | AG37: . | AH37: . | AI37: . | AJ37: .
A38: 2021 | B38: 3502 | C38: Choctawhatche Elec Coop, Inc | D38: FL | E38: SOCO | F38: 52926 | G38: 7662 | H38: 0 | I38: 0 | J38: 60588 | K38: 0 | L38: 0 | M38: 0 | N38: 0 | O38: 0 | P38: 40.28 | Q38: 5.85 | R38: 0 | S38: 0 | T38: 46.13 | U38: 40.28 | V38: 5.85 | W38: 0 | X38: 0 | Y38: 46.13 | Z38: 23.18 | AA38: 0 | AB38: 0 | AC38: 0 | AD38: 23.18 | AE38: 5.8 | AF38: 0.2 | AG38: 0 | AH38: 0 | AI38: 6 | AJ38: .
A39: 2021 | B39: 3503 | C39: Choptank Electric Cooperative, Inc | D39: MD | E39: PJM | F39: 0 | G39: 187 | H39: 8 | I39: 0 | J39: 195 | K39: 0 | L39: 0 | M39: 0 | N39: 0 | O39: 0 | P39: 0 | Q39: 3.926 | R39: 8.753 | S39: 0 | T39: 12.679 | U39: 0 | V39: 0 | W39: 0 | X39: 0 | Y39: 0 | Z39: . | AA39: . | AB39: . | AC39: . | AD39: . | AE39: . | AF39: 0.77 | AG39: 0.03 | AH39: . | AI39: 0.8 | AJ39: .
A40: 2021 | B40: 3755 | C40: Cleveland Electric Illum Co | D40: OH | E40: PJM | F40: 0 | G40: 0 | H40: 4 | I40: 0 | J40: 4 | K40: 0 | L40: 0 | M40: 0 | N40: 0 | O40: 0 | P40: 0 | Q40: 0 | R40: 189.722 | S40: 0 | T40: 189.722 | U40: 0 | V40: 0 | W40: 189.722 | X40: 0 | Y40: 189.722 | Z40: 0 | AA40: 0 | AB40: 8356.159 | AC40: 0 | AD40: 8356.159 | AE40: 0 | AF40: 0 | AG40: 0 | AH40: 0 | AI40: 0 | AJ40: .
A41: 2021 | B41: 3757 | C41: Clay Electric Cooperative, Inc | D41: FL | E41: SEC | F41: . | G41: 7 | H41: . | I41: . | J41: 7 | K41: . | L41: . | M41: . | N41: . | O41: . | P41: . | Q41: 18.275 | R41: . | S41: . | T41: 18.275 | U41: . | V41: 18.275 | W41: . | X41: . | Y41: 18.275 | Z41: . | AA41: 200 | AB41: . | AC41: . | AD41: 200 | AE41: . | AF41: 260 | AG41: . | AH41: . | AI41: 260 | AJ41: .
A42: 2021 | B42: 3931 | C42: Coles-Moultrie Electric Coop | D42: IL | E42: MISO | F42: 4323 | G42: 146 | H42: 6 | I42: . | J42: 4475 | K42: . | L42: . | M42: . | N42: . | O42: . | P42: 3 | Q42: 8 | R42: 3 | S42: . | T42: 14 | U42: . | V42: . | W42: . | X42: . | Y42: . | Z42: . | AA42: . | AB42: . | AC42: . | AD42: . | AE42: . | AF42: . | AG42: . | AH42: . | AI42: . | AJ42: .
A43: 2021 | B43: 3989 | C43: City of Colorado Springs - (CO) | D43: CO | E43: PSCO | F43: 0 | G43: 0 | H43: 1 | I43: 0 | J43: 1 | K43: 0 | L43: 0 | M43: 0 | N43: 0 | O43: 0 | P43: 0 | Q43: 0 | R43: 13.3 | S43: 0 | T43: 13.3 | U43: 0 | V43: 0 | W43: 0 | X43: 0 | Y43: 0 | Z43: 0 | AA43: 0 | AB43: 1802.119 | AC43: 0 | AD43: 1802.119 | AE43: 0 | AF43: 0 | AG43: 0 | AH43: 0 | AI43: 0 | AJ43: .
A44: 2021 | B44: 4065 | C44: City of Columbus - (OH) | D44: OH | E44: PJM | F44: . | G44: . | H44: 11 | I44: . | J44: 11 | K44: . | L44: . | M44: . | N44: . | O44: . | P44: . | Q44: . | R44: 16.6 | S44: . | T44: 16.6 | U44: . | V44: . | W44: . | X44: . | Y44: . | Z44: . | AA44: . | AB44: . | AC44: . | AD44: . | AE44: . | AF44: . | AG44: . | AH44: . | AI44: . | AJ44: .
A45: 2021 | B45: 4110 | C45: Commonwealth Edison Co | D45: IL | E45: PJM | F45: 386800 | G45: 2394 | H45: 623 | I45: 0 | J45: 389817 | K45: 3249 | L45: 0 | M45: 0 | N45: 0 | O45: 3249 | P45: 115 | Q45: 403 | R45: 522 | S45: 0 | T45: 1040 | U45: 115 | V45: 0 | W45: 0 | X45: 0 | Y45: 115 | Z45: 5325 | AA45: 0 | AB45: 0 | AC45: 0 | AD45: 5325 | AE45: 4424 | AF45: 19 | AG45: 24 | AH45: 0 | AI45: 4467 | AJ45: 0
A46: 2021 | B46: 4176 | C46: Connecticut Light & Power Co | D46: CT | E46: ISNE | F46: 15648 | G46: 196 | H46: 88 | I46: . | J46: 15932 | K46: . | L46: . | M46: . | N46: . | O46: . | P46: 24.119 | Q46: 42.221 | R46: 48.617 | S46: . | T46: 114.957 | U46: 14.954 | V46: 25.87 | W46: 35.46 | X46: . | Y46: 76.284 | Z46: 1208.635 | AA46: 991.052 | AB46: 1465.944 | AC46: . | AD46: 3665.631 | AE46: 1301.831 | AF46: 382.247 | AG46: 536.37 | AH46: . | AI46: 2220.448 | AJ46: .
A47: 2021 | B47: 4226 | C47: Consolidated Edison Co-NY Inc | D47: NY | E47: NYIS | F47: 31145 | G47: 1985 | H47: . | I47: . | J47: 33130 | K47: 273.87 | L47: 4314.42 | M47: . | N47: . | O47: 4588.29 | P47: 24.56 | Q47: 338.46 | R47: . | S47: . | T47: 363.02 | U47: 19.36 | V47: 269.68 | W47: . | X47: . | Y47: 289.04 | Z47: 762 | AA47: 23040 | AB47: . | AC47: . | AD47: 23802 | AE47: 731 | AF47: 604 | AG47: . | AH47: . | AI47: 1335 | AJ47: .
A48: 2021 | B48: 4254 | C48: Consumers Energy Co | D48: MI | E48: MISO | F48: 191048 | G48: 636 | H48: 18 | I48: . | J48: 191702 | K48: 2181.8 | L48: 238.1 | M48: 68.53 | N48: . | O48: 2488.43 | P48: 104.4 | Q48: 221.1 | R48: 125.3 | S48: . | T48: 450.8 | U48: 80.866 | V48: 91.77 | W48: 27.13 | X48: . | Y48: 199.766 | Z48: 3142.594 | AA48: 6752.457 | AB48: 9522.8 | AC48: . | AD48: 19417.851 | AE48: 18066.57 | AF48: 10211.24 | AG48: . | AH48: . | AI48: 28277.81 | AJ48: .
A49: 2021 | B49: 4362 | C49: Corn Belt Energy Corporation | D49: IL | E49: MISO | F49: . | G49: 53 | H49: . | I49: . | J49: 53 | K49: . | L49: . | M49: . | N49: . | O49: . | P49: . | Q49: 3 | R49: . | S49: . | T49: 3 | U49: . | V49: 3 | W49: . | X49: . | Y49: 3 | Z49: . | AA49: . | AB49: . | AC49: . | AD49: . | AE49: . | AF49: . | AG49: . | AH49: . | AI49: . | AJ49: .
A50: 2021 | B50: 4363 | C50: Corn Belt Power Coop | D50: IA | E50: SWPP | F50: 5279 | G50: . | H50: 4 | I50: . | J50: 5283 | K50: . | L50: . | M50: . | N50: . | O50: . | P50: 36.795 | Q50: . | R50: 76.13 | S50: . | T50: 112.925 | U50: 34.937 | V50: . | W50: 33.021 | X50: . | Y50: 67.958 | Z50: . | AA50: . | AB50: . | AC50: . | AD50: . | AE50: . | AF50: . | AG50: . | AH50: . | AI50: . | AJ50: 814
A51: 2021 | B51: 4432 | C51: Coweta-Fayette El Member Corp | D51: GA | E51: SOCO | F51: 11641 | G51: . | H51: . | I51: . | J51: 11641 | K51: 120 | L51: . | M51: . | N51: . | O51: 120 | P51: 15 | Q51: . | R51: . | S51: . | T51: 15 | U51: 8 | V51: . | W51: . | X51: . | Y51: 8 | Z51: 116.2 | AA51: . | AB51: . | AC51: . | AD51: 116.2 | AE51: 0 | AF51: . | AG51: . | AH51: . | AI51: 0 | AJ51: .
A52: 2021 | B52: 4509 | C52: Craighead Electric Coop Corp | D52: AR | E52: MISO | F52: . | G52: 66 | H52: 1 | I52: . | J52: 67 | K52: . | L52: 22.5 | M52: 1.2 | N52: . | O52: 23.7 | P52: . | Q52: 8 | R52: 1.2 | S52: . | T52: 9.2 | U52: . | V52: . | W52: . | X52: . | Y52: . | Z52: . | AA52: . | AB52: . | AC52: . | AD52: . | AE52: . | AF52: 740 | AG52: 31 | AH52: . | AI52: 771 | AJ52: .
A53: 2021 | B53: 4538 | C53: Crisp County Power Comm | D53: GA | E53: SOCO | F53: . | G53: . | H53: 2 | I53: . | J53: 2 | K53: . | L53: . | M53: . | N53: . | O53: . | P53: . | Q53: . | R53: 12 | S53: . | T53: 12 | U53: . | V53: . | W53: 10 | X53: . | Y53: 10 | Z53: . | AA53: . | AB53: 0 | AC53: . | AD53: 0 | AE53: . | AF53: . | AG53: 0 | AH53: . | AI53: 0 | AJ53: .
A54: 2021 | B54: 4675 | C54: Cuivre River Electric Coop Inc | D54: MO | E54: AECI | F54: 425 | G54: 24 | H54: . | I54: . | J54: 449 | K54: 0 | L54: 0 | M54: . | N54: . | O54: 0 | P54: 1 | Q54: 8.87 | R54: . | S54: . | T54: 9.87 | U54: 0.96 | V54: 5.88 | W54: . | X54: . | Y54: 6.84 | Z54: 21 | AA54: 0 | AB54: . | AC54: . | AD54: 21 | AE54: 3 | AF54: 0 | AG54: . | AH54: . | AI54: 3 | AJ54: .
A55: 2021 | B55: 4911 | C55: Dawson Power District | D55: NE | E55: SWPP | F55: . | G55: . | H55: 4737 | I55: . | J55: 4737 | K55: . | L55: . | M55: . | N55: . | O55: . | P55: . | Q55: . | R55: 101.37 | S55: . | T55: 101.37 | U55: . | V55: . | W55: 93.113 | X55: . | Y55: 93.113 | Z55: . | AA55: . | AB55: . | AC55: . | AD55: . | AE55: . | AF55: . | AG55: 99.651 | AH55: . | AI55: 99.651 | AJ55: .
A56: 2021 | B56: 5027 | C56: Delmarva Power | D56: DE | E56: PJM | F56: 212623 | G56: 15062 | H56: 0 | I56: 0 | J56: 227685 | K56: 1088 | L56: 15 | M56: 0 | N56: 0 | O56: 1103 | P56: 82.4 | Q56: 1.1 | R56: 0 | S56: 0 | T56: 83.5 | U56: 82.4 | V56: 1.1 | W56: 0 | X56: 0 | Y56: 83.5 | Z56: 1282 | AA56: 13 | AB56: 0 | AC56: 0 | AD56: 1295 | AE56: 161 | AF56: 0 | AG56: 0 | AH56: 0 | AI56: 161 | AJ56: .
A57: 2021 | B57: 5027 | C57: Delmarva Power | D57: MD | E57: PJM | F57: 147940 | G57: 2797 | H57: 0 | I57: 0 | J57: 150737 | K57: 1060 | L57: 1 | M57: 0 | N57: 0 | O57: 1061 | P57: 91.2 | Q57: 5.6 | R57: 0 | S57: 0 | T57: 96.8 | U57: 91.2 | V57: 5.6 | W57: 0 | X57: 0 | Y57: 96.8 | Z57: 2764 | AA57: 214 | AB57: 0 | AC57: 0 | AD57: 2978 | AE57: 2001 | AF57: 135 | AG57: 0 | AH57: 0 | AI57: 2136 | AJ57: .
A58: 2021 | B58: 5070 | C58: Delaware Electric Cooperative | D58: DE | E58: PJM | F58: 27685 | G58: 1174 | H58: . | I58: . | J58: 28859 | K58: 1.4 | L58: 0 | M58: . | N58: . | O58: 1.4 | P58: 13.96 | Q58: 23.84 | R58: . | S58: . | T58: 37.8 | U58: 13.54 | V58: 18.6 | W58: . | X58: . | Y58: 32.14 | Z58: 559 | AA58: 4 | AB58: . | AC58: . | AD58: 563 | AE58: 56 | AF58: 2 | AG58: . | AH58: . | AI58: 58 | AJ58: .
A59: 2021 | B59: 5078 | C59: Denton County Elec Coop, Inc | D59: TX | E59: ERCO | F59: 11584 | G59: . | H59: . | I59: . | J59: 11584 | K59: 113.9 | L59: . | M59: . | N59: . | O59: 113.9 | P59: 26.5 | Q59: . | R59: . | S59: . | T59: 26.5 | U59: 13.4 | V59: . | W59: . | X59: . | Y59: 13.4 | Z59: 446 | AA59: . | AB59: . | AC59: . | AD59: 446 | AE59: 480 | AF59: . | AG59: . | AH59: . | AI59: 480 | AJ59: .
A60: 2021 | B60: 5109 | C60: DTE Electric Company | D60: MI | E60: MISO | F60: 371000 | G60: 1788 | H60: 378 | I60: . | J60: 373166 | K60: 493 | L60: 41 | M60: 625 | N60: . | O60: 1159 | P60: 242 | Q60: 32 | R60: 494 | S60: . | T60: 768 | U60: 140 | V60: 14 | W60: 217 | X60: . | Y60: 371 | Z60: 526.2 | AA60: . | AB60: 340.6 | AC60: . | AD60: 866.8 | AE60: 10978.4 | AF60: . | AG60: . | AH60: . | AI60: 10978.4 | AJ60: .
A61: 2021 | B61: 5202 | C61: Dixie Electric Membership Corp | D61: LA | E61: MISO | F61: 10025 | G61: . | H61: . | I61: . | J61: 10025 | K61: . | L61: . | M61: . | N61: . | O61: . | P61: 70.17 | Q61: . | R61: . | S61: . | T61: 70.17 | U61: . | V61: . | W61: . | X61: . | Y61: . | Z61: 601.5 | AA61: . | AB61: . | AC61: . | AD61: 601.5 | AE61: . | AF61: . | AG61: . | AH61: . | AI61: . | AJ61: .
A62: 2021 | B62: 5335 | C62: City of Dover - (DE) | D62: DE | E62: PJM | F62: . | G62: 2 | H62: 2 | I62: . | J62: 4 | K62: . | L62: 1.192 | M62: 3.92 | N62: . | O62: 5.112 | P62: . | Q62: 1.192 | R62: 3.92 | S62: . | T62: 5.112 | U62: . | V62: . | W62: . | X62: . | Y62: . | Z62: . | AA62: 53.91 | AB62: 44.99 | AC62: . | AD62: 98.9 | AE62: . | AF62: . | AG62: . | AH62: . | AI62: . | AJ62: 0
A63: 2021 | B63: 5336 | C63: City of Dover - (OH) | D63: OH | E63: PJM | F63: . | G63: . | H63: 5 | I63: . | J63: 5 | K63: . | L63: . | M63: 1.275 | N63: . | O63: 1.275 | P63: . | Q63: . | R63: 3.66 | S63: . | T63: 3.66 | U63: . | V63: . | W63: 2.28 | X63: . | Y63: 2.28 | Z63: . | AA63: . | AB63: 14.428 | AC63: . | AD63: 14.428 | AE63: . | AF63: . | AG63: . | AH63: . | AI63: . | AJ63: .
A64: 2021 | B64: 5416 | C64: Duke Energy Carolinas, LLC | D64: NC | E64: DUK | F64: 206893 | G64: 5384 | H64: . | I64: . | J64: 212277 | K64: . | L64: . | M64: . | N64: . | O64: . | P64: 332.379 | Q64: 342.651 | R64: . | S64: . | T64: 675.03 | U64: 0 | V64: 0 | W64: . | X64: . | Y64: 0 | Z64: 6941 | AA64: 9670 | AB64: . | AC64: . | AD64: 16611 | AE64: 5573 | AF64: 430 | AG64: . | AH64: . | AI64: 6003 | AJ64: .
A65: 2021 | B65: 5416 | C65: Duke Energy Carolinas, LLC | D65: SC | E65: DUK | F65: 66124 | G65: 1506 | H65: . | I65: . | J65: 67630 | K65: . | L65: . | M65: . | N65: . | O65: . | P65: 97 | Q65: 107 | R65: . | S65: . | T65: 204 | U65: 0 | V65: 0 | W65: . | X65: . | Y65: 0 | Z65: 2387 | AA65: 3325 | AB65: . | AC65: . | AD65: 5712 | AE65: 1916 | AF65: 148 | AG65: . | AH65: . | AI65: 2064 | AJ65: .
A66: 2021 | B66: 5417 | C66: Dunn County Electric Coop | D66: WI | E66: MISO | F66: 3201 | G66: 341 | H66: 0 | I66: 0 | J66: 3542 | K66: 0 | L66: 0 | M66: 0 | N66: 0 | O66: 0 | P66: 1.708 | Q66: 21.066 | R66: 0 | S66: 0 | T66: 22.774 | U66: 0.69 | V66: 8.45 | W66: 0 | X66: 0 | Y66: 9.14 | Z66: 385 | AA66: 41 | AB66: 0 | AC66: 0 | AD66: 426 | AE66: 160 | AF66: 17 | AG66: 0 | AH66: 0 | AI66: 177 | AJ66: 16
A67: 2021 | B67: 5480 | C67: Town of Danvers | D67: MA | E67: ISNE | F67: 57 | G67: 9 | H67: . | I67: . | J67: 66 | K67: 1.2 | L67: 2.2 | M67: . | N67: . | O67: 3.4 | P67: 0.681 | Q67: 2.771 | R67: . | S67: . | T67: 3.452 | U67: 0.233 | V67: 0.394 | W67: . | X67: . | Y67: 0.627 | Z67: 5.82 | AA67: 4.68 | AB67: . | AC67: . | AD67: 10.5 | AE67: 9.24 | AF67: 3.41 | AG67: . | AH67: . | AI67: 12.65 | AJ67: .
A68: 2021 | B68: 5552 | C68: East River Elec Pwr Coop, Inc | D68: SD | E68: SWPP | F68: . | G68: . | H68: . | I68: . | J68: . | K68: . | L68: . | M68: . | N68: . | O68: . | P68: 33 | Q68: 9 | R68: 34 | S68: 0 | T68: 76 | U68: 33 | V68: 9 | W68: 34 | X68: 0 | Y68: 76 | Z68: 1.54 | AA68: 0.61 | AB68: 0.15 | AC68: 0 | AD68: 2.3 | AE68: 534.3 | AF68: 106.9 | AG68: 26.7 | AH68: 0 | AI68: 667.9 | AJ68: 902
A69: 2021 | B69: 5580 | C69: East Kentucky Power Coop, Inc | D69: KY | E69: PJM | F69: 3103 | G69: 0 | H69: 11 | I69: 0 | J69: 3114 | K69: 15.54 | L69: 0 | M69: 0 | N69: 0 | O69: 15.54 | P69: 4.97 | Q69: 0 | R69: 1081 | S69: 0 | T69: 1085.97 | U69: 4.97 | V69: 0 | W69: 1081 | X69: 0 | Y69: 1085.97 | Z69: 714 | AA69: 0 | AB69: 94354 | AC69: 0 | AD69: 95068 | AE69: 887 | AF69: 0 | AG69: 0 | AH69: 0 | AI69: 887 | AJ69: 0
A70: 2021 | B70: 5701 | C70: El Paso Electric Co | D70: NM | E70: EPE | F70: 2710 | G70: 2 | H70: 0 | I70: 0 | J70: 2712 | K70: 539 | L70: 10.1 | M70: 0 | N70: 0 | O70: 549.1 | P70: 1.8 | Q70: 1.2 | R70: 0 | S70: 0 | T70: 3 | U70: 1.8 | V70: 1.2 | W70: 0 | X70: 0 | Y70: 3 | Z70: 91 | AA70: 30 | AB70: 0 | AC70: 0 | AD70: 121 | AE70: 88 | AF70: 125 | AG70: 0 | AH70: 0 | AI70: 213 | AJ70: .
A71: 2021 | B71: 5701 | C71: El Paso Electric Co | D71: TX | E71: EPE | F71: 6922 | G71: 7 | H71: 5 | I71: 0 | J71: 6934 | K71: 2639.8 | L71: 6.8 | M71: 5.5 | N71: 0 | O71: 2652.1 | P71: 8.7 | Q71: 6.8 | R71: 5.5 | S71: 0 | T71: 21 | U71: 8.7 | V71: 6.8 | W71: 5.5 | X71: 0 | Y71: 21 | Z71: 549.4 | AA71: 250.1 | AB71: 203.6 | AC71: 0 | AD71: 1003.1 | AE71: 12.5 | AF71: 8.9 | AG71: 7.2 | AH71: 0 | AI71: 28.6 | AJ71: .
A72: 2021 | B72: 5773 | C72: City of Elk River | D72: MN | E72: MISO | F72: . | G72: 8 | H72: . | I72: . | J72: 8 | K72: . | L72: . | M72: . | N72: . | O72: . | P72: . | Q72: 19.48 | R72: . | S72: . | T72: 19.48 | U72: . | V72: 14.66 | W72: . | X72: . | Y72: 14.66 | Z72: . | AA72: . | AB72: . | AC72: . | AD72: . | AE72: . | AF72: . | AG72: . | AH72: . | AI72: . | AJ72: .
A73: 2021 | B73: 5780 | C73: Elkhorn Rural Public Pwr Dist | D73: NE | E73: SWPP | F73: . | G73: . | H73: 1558 | I73: . | J73: 1558 | K73: . | L73: . | M73: 352.45 | N73: . | O73: 352.45 | P73: . | Q73: . | R73: 54.4 | S73: . | T73: 54.4 | U73: . | V73: . | W73: 45.2 | X73: . | Y73: 45.2 | Z73: . | AA73: . | AB73: . | AC73: . | AD73: . | AE73: . | AF73: . | AG73: 299 | AH73: . | AI73: 299 | AJ73: .
A74: 2021 | B74: 5860 | C74: Empire District Electric Co | D74: MO | E74: SWPP | F74: . | G74: . | H74: 3 | I74: . | J74: 3 | K74: . | L74: . | M74: 0 | N74: . | O74: 0 | P74: . | Q74: . | R74: 8.4 | S74: . | T74: 8.4 | U74: . | V74: . | W74: 8.4 | X74: . | Y74: 8.4 | Z74: . | AA74: . | AB74: 365.712 | AC74: . | AD74: 365.712 | AE74: . | AF74: . | AG74: 0 | AH74: . | AI74: 0 | AJ74: .
A75: 2021 | B75: 5880 | C75: Energy Coop of New York, Inc | D75: NY | E75: NYIS | F75: . | G75: 2 | H75: . | I75: . | J75: 2 | K75: . | L75: . | M75: . | N75: . | O75: . | P75: . | Q75: 1.935 | R75: . | S75: . | T75: 1.935 | U75: . | V75: 1.935 | W75: . | X75: . | Y75: 1.935 | Z75: . | AA75: . | AB75: . | AC75: . | AD75: . | AE75: . | AF75: . | AG75: . | AH75: . | AI75: . | AJ75: .
A76: 2021 | B76: 5905 | C76: Excelsior Electric Member Corp | D76: GA | E76: SOCO | F76: . | G76: . | H76: 230 | I76: . | J76: 230 | K76: . | L76: . | M76: 121 | N76: . | O76: 121 | P76: . | Q76: . | R76: 9.7 | S76: . | T76: 9.7 | U76: . | V76: . | W76: 2.4 | X76: . | Y76: 2.4 | Z76: . | AA76: . | AB76: 0 | AC76: . | AD76: 0 | AE76: . | AF76: . | AG76: 47.3 | AH76: . | AI76: 47.3 | AJ76: .
A77: 2021 | B77: 6181 | C77: Farmers Electric Coop, Inc - (MO) | D77: MO | E77: AECI | F77: 8185 | G77: 34 | H77: 1 | I77: . | J77: 8220 | K77: 172.28 | L77: 0 | M77: 0 | N77: . | O77: 172.28 | P77: 0.893 | Q77: 0.047 | R77: . | S77: . | T77: 0.94 | U77: 0.67 | V77: 0.035 | W77: . | X77: . | Y77: 0.705 | Z77: . | AA77: . | AB77: . | AC77: . | AD77: . | AE77: 8.561 | AF77: 0.036 | AG77: . | AH77: . | AI77: 8.597 | AJ77: 0
A78: 2021 | B78: 6182 | C78: Farmers Electric Coop, Inc - (TX) | D78: TX | E78: ERCO | F78: 1237 | G78: . | H78: . | I78: . | J78: 1237 | K78: 31.218 | L78: . | M78: . | N78: . | O78: 31.218 | P78: 2.548 | Q78: . | R78: . | S78: . | T78: 2.548 | U78: 1.524 | V78: . | W78: . | X78: . | Y78: 1.524 | Z78: 82.05 | AA78: . | AB78: . | AC78: . | AD78: 82.05 | AE78: 91.59 | AF78: . | AG78: . | AH78: . | AI78: 91.59 | AJ78: .
A79: 2021 | B79: 6342 | C79: First Electric Coop Corp | D79: AR | E79: MISO | F79: 6025 | G79: 0 | H79: 545 | I79: 0 | J79: 6570 | K79: 50.4 | L79: 0 | M79: 889.86 | N79: 0 | O79: 940.26 | P79: 6.025 | Q79: 0 | R79: 69.133 | S79: 0 | T79: 75.158 | U79: 1 | V79: 0 | W79: 13.104 | X79: 0 | Y79: 14.104 | Z79: 169.016 | AA79: 0 | AB79: 4980 | AC79: . | AD79: 5149.016 | AE79: . | AF79: . | AG79: . | AH79: . | AI79: . | AJ79: .
A80: 2021 | B80: 6395 | C80: Flathead Electric Coop Inc | D80: MT | E80: BPAT | F80: 2926 | G80: . | H80: . | I80: . | J80: 2926 | K80: . | L80: . | M80: . | N80: . | O80: . | P80: 29.38 | Q80: . | R80: . | S80: . | T80: 29.38 | U80: 22.12 | V80: . | W80: . | X80: . | Y80: 22.12 | Z80: 141.7 | AA80: . | AB80: . | AC80: . | AD80: 141.7 | AE80: 12 | AF80: . | AG80: . | AH80: . | AI80: 12 | AJ80: 0
A81: 2021 | B81: 6411 | C81: Flint Electric Membership Corp | D81: GA | E81: SOCO | F81: 21585 | G81: . | H81: 607 | I81: 0 | J81: 22192 | K81: 125.75 | L81: . | M81: 102 | N81: . | O81: 227.75 | P81: 20.7 | Q81: . | R81: 34 | S81: . | T81: 54.7 | U81: 1.825 | V81: . | W81: 5.475 | X81: . | Y81: 7.3 | Z81: 328 | AA81: . | AB81: 133 | AC81: 0 | AD81: 461 | AE81: 144 | AF81: . | AG81: 6 | AH81: . | AI81: 150 | AJ81: .
A82: 2021 | B82: 6452 | C82: Florida Power & Light Co | D82: FL | E82: FPL | F82: 690587 | G82: 19882 | H82: . | I82: . | J82: 710469 | K82: 740.691 | L82: 7039.499 | M82: . | N82: . | O82: 7780.19 | P82: . | Q82: . | R82: . | S82: . | T82: . | U82: . | V82: . | W82: . | X82: . | Y82: . | Z82: 28229.073 | AA82: 75109.059 | AB82: . | AC82: . | AD82: 103338.13 | AE82: 11265.829 | AF82: 1230.312 | AG82: . | AH82: . | AI82: 12496.141 | AJ82: .
A83: 2021 | B83: 6455 | C83: Duke Energy Florida, LLC | D83: FL | E83: FPC | F83: 433784 | G83: 738 | H83: . | I83: . | J83: 434522 | K83: . | L83: . | M83: . | N83: . | O83: . | P83: 667 | Q83: 705 | R83: . | S83: . | T83: 1372 | U83: . | V83: . | W83: . | X83: . | Y83: . | Z83: 25657.773 | AA83: 48616.519 | AB83: . | AC83: . | AD83: 74274.292 | AE83: 12952.675 | AF83: 2011.493 | AG83: . | AH83: . | AI83: 14964.168 | AJ83: 0
A84: 2021 | B84: 6604 | C84: City of Fort Collins - (CO) | D84: CO | E84: PSCO | F84: 5615 | G84: 7 | H84: 0 | I84: 0 | J84: 5622 | K84: . | L84: . | M84: . | N84: . | O84: . | P84: 3 | Q84: 1 | R84: 0 | S84: 0 | T84: 4 | U84: 1.8 | V84: 0.25 | W84: 0 | X84: 0 | Y84: 2.05 | Z84: 52.214 | AA84: . | AB84: . | AC84: . | AD84: 52.214 | AE84: 597.12 | AF84: . | AG84: . | AH84: . | AI84: 597.12 | AJ84: 81
A85: 2021 | B85: 6709 | C85: Easley Combined Utility System | D85: SC | E85: DUK | F85: 654 | G85: . | H85: . | I85: . | J85: 654 | K85: 0 | L85: . | M85: . | N85: . | O85: 0 | P85: 0.473 | Q85: . | R85: . | S85: . | T85: 0.473 | U85: 0.473 | V85: . | W85: . | X85: . | Y85: 0.473 | Z85: 25.5 | AA85: . | AB85: . | AC85: . | AD85: 25.5 | AE85: 19.604 | AF85: . | AG85: . | AH85: . | AI85: 19.604 | AJ85: .
A86: 2021 | B86: 6782 | C86: Freeborn Mower Electric Cooperative | D86: MN | E86: MISO | F86: 1586 | G86: 29 | H86: 0 | I86: 0 | J86: 1615 | K86: 0 | L86: 0 | M86: 0 | N86: 0 | O86: 0 | P86: 3.373 | Q86: 11.67 | R86: 0 | S86: 0 | T86: 15.043 | U86: 1.411 | V86: 4.883 | W86: 0 | X86: 0 | Y86: 6.294 | Z86: 188 | AA86: 3 | AB86: 0 | AC86: 0 | AD86: 191 | AE86: 82 | AF86: 2 | AG86: 0 | AH86: 0 | AI86: 84 | AJ86: 49
A87: 2021 | B87: 7004 | C87: Buckeye Power, Inc | D87: OH | E87: PJM | F87: 121346 | G87: 40 | H87: 0 | I87: 0 | J87: 121386 | K87: 2021.6 | L87: 405.6 | M87: 0 | N87: 0 | O87: 2427.2 | P87: 34.7 | Q87: 6 | R87: . | S87: . | T87: 40.7 | U87: 34.7 | V87: 6 | W87: . | X87: . | Y87: 40.7 | Z87: 432 | AA87: . | AB87: . | AC87: . | AD87: 432 | AE87: 219 | AF87: . | AG87: . | AH87: . | AI87: 219 | AJ87: .
A88: 2021 | B88: 7090 | C88: GreyStone Power Corporation | D88: GA | E88: SOCO | F88: 50 | G88: 44 | H88: . | I88: . | J88: 94 | K88: 0.375 | L88: 0.586 | M88: . | N88: . | O88: 0.961 | P88: 30.12 | Q88: 65.93 | R88: . | S88: . | T88: 96.05 | U88: 8.129 | V88: 12.701 | W88: . | X88: . | Y88: 20.83 | Z88: 0 | AA88: 0 | AB88: . | AC88: . | AD88: 0 | AE88: . | AF88: . | AG88: . | AH88: . | AI88: . | AJ88: .
A89: 2021 | B89: 7140 | C89: Georgia Power Co | D89: GA | E89: SOCO | F89: 61952 | G89: 1626 | H89: 823 | I89: 1 | J89: 64402 | K89: . | L89: . | M89: . | N89: . | O89: . | P89: 244.931 | Q89: 179.4 | R89: 415.8 | S89: . | T89: 840.131 | U89: 14.523 | V89: . | W89: . | X89: . | Y89: 14.523 | Z89: 382.35 | AA89: 125 | AB89: 6019 | AC89: . | AD89: 6526.35 | AE89: 1695.55 | AF89: 3454 | AG89: 2671 | AH89: 10 | AI89: 7830.55 | AJ89: .
A90: 2021 | B90: 7349 | C90: Golden Spread Electric Cooperative, Inc | D90: OK | E90: SWPP | F90: . | G90: 1 | H90: . | I90: . | J90: 1 | K90: . | L90: 0 | M90: . | N90: . | O90: 0 | P90: . | Q90: 1.977 | R90: . | S90: . | T90: 1.977 | U90: . | V90: 0 | W90: . | X90: . | Y90: 0 | Z90: . | AA90: 15.8 | AB90: . | AC90: . | AD90: 15.8 | AE90: . | AF90: 0 | AG90: . | AH90: . | AI90: 0 | AJ90: .
A91: 2021 | B91: 7570 | C91: Great River Energy | D91: MN | E91: MISO | F91: 283712 | G91: 5492 | H91: . | I91: . | J91: 289204 | K91: 29901 | L91: 8452 | M91: . | N91: . | O91: 38353 | P91: 204 | Q91: 172 | R91: . | S91: . | T91: 376 | U91: 204 | V91: 172 | W91: . | X91: . | Y91: 376 | Z91: 1504.727 | AA91: 0 | AB91: . | AC91: . | AD91: 1504.727 | AE91: 6809.678 | AF91: 561.93 | AG91: . | AH91: . | AI91: 7371.608 | AJ91: 1219
A92: 2021 | B92: 7601 | C92: Green Mountain Power Corp | D92: VT | E92: ISNE | F92: 17837 | G92: 570 | H92: 6 | I92: 0 | J92: 18413 | K92: 0 | L92: 0 | M92: 0 | N92: 0 | O92: 0 | P92: 23.18 | Q92: 11.21 | R92: 11 | S92: 0 | T92: 45.39 | U92: 8.43 | V92: 8.91 | W92: 5.65 | X92: 0 | Y92: 22.99 | Z92: 633.5 | AA92: 306.9 | AB92: 180.2 | AC92: 0 | AD92: 1120.6 | AE92: 0 | AF92: 0 | AG92: 0 | AH92: 0 | AI92: 0 | AJ92: 0
A93: 2021 | B93: 7634 | C93: City of Greenville - (TX) | D93: TX | E93: ERCO | F93: . | G93: 1 | H93: . | I93: . | J93: 1 | K93: . | L93: 1158.99 | M93: . | N93: . | O93: 1158.99 | P93: . | Q93: 6 | R93: . | S93: . | T93: 6 | U93: . | V93: 0 | W93: . | X93: . | Y93: 0 | Z93: . | AA93: 0 | AB93: . | AC93: . | AD93: 0 | AE93: . | AF93: 0 | AG93: . | AH93: . | AI93: 0 | AJ93: .
A94: 2021 | B94: 7752 | C94: Guadalupe Valley Elec Coop Inc | D94: TX | E94: ERCO | F94: 2100 | G94: . | H94: . | I94: . | J94: 2100 | K94: 74 | L94: . | M94: . | N94: . | O94: 74 | P94: 3.675 | Q94: . | R94: . | S94: . | T94: 3.675 | U94: 3.4 | V94: . | W94: . | X94: . | Y94: 3.4 | Z94: 9.029 | AA94: . | AB94: . | AC94: . | AD94: 9.029 | AE94: 7.621 | AF94: . | AG94: . | AH94: . | AI94: 7.621 | AJ94: .
A95: 2021 | B95: 7785 | C95: Gulf Coast Electric Coop, Inc | D95: FL | E95: SOCO | F95: 750 | G95: . | H95: . | I95: . | J95: 750 | K95: 0.652 | L95: . | M95: . | N95: . | O95: 0.652 | P95: 0.9 | Q95: . | R95: . | S95: . | T95: 0.9 | U95: 0.9 | V95: . | W95: . | X95: . | Y95: 0.9 | Z95: 1.853 | AA95: . | AB95: . | AC95: . | AD95: 1.853 | AE95: 5.254 | AF95: . | AG95: . | AH95: . | AI95: 5.254 | AJ95: .
A96: 2021 | B96: 7801 | C96: Gulf Power Co | D96: FL | E96: SOCO | F96: . | G96: 24 | H96: . | I96: . | J96: 24 | K96: . | L96: 0 | M96: . | N96: . | O96: 0 | P96: . | Q96: 9.91 | R96: . | S96: . | T96: 9.91 | U96: . | V96: 0 | W96: . | X96: . | Y96: 0 | Z96: . | AA96: . | AB96: . | AC96: . | AD96: . | AE96: . | AF96: . | AG96: . | AH96: . | AI96: . | AJ96: .
A97: 2021 | B97: 7977 | C97: City of Hamilton - (OH) | D97: OH | E97: PJM | F97: . | G97: . | H97: 5 | I97: . | J97: 5 | K97: . | L97: . | M97: 7.902 | N97: . | O97: 7.902 | P97: . | Q97: . | R97: 7.902 | S97: . | T97: 7.902 | U97: . | V97: . | W97: 7.902 | X97: . | Y97: 7.902 | Z97: . | AA97: . | AB97: . | AC97: . | AD97: . | AE97: . | AF97: . | AG97: . | AH97: . | AI97: . | AJ97: .
A98: 2021 | B98: 8179 | C98: Harrison County Rural E M C | D98: IN | E98: MISO | F98: 2627 | G98: . | H98: . | I98: . | J98: 2627 | K98: . | L98: . | M98: . | N98: . | O98: . | P98: 1 | Q98: . | R98: . | S98: . | T98: 1 | U98: . | V98: . | W98: . | X98: . | Y98: . | Z98: . | AA98: . | AB98: . | AC98: . | AD98: . | AE98: . | AF98: . | AG98: . | AH98: . | AI98: . | AJ98: .
A99: 2021 | B99: 8210 | C99: Hart Electric Member Corp | D99: GA | E99: SOCO | F99: 28985 | G99: 8809 | H99: . | I99: . | J99: 37794 | K99: 163 | L99: 42 | M99: . | N99: . | O99: 205 | P99: 2.4 | Q99: 0.6 | R99: . | S99: . | T99: 3 | U99: 2.4 | V99: 0.6 | W99: . | X99: . | Y99: 3 | Z99: 0 | AA99: 0 | AB99: . | AC99: . | AD99: 0 | AE99: . | AF99: . | AG99: . | AH99: . | AI99: . | AJ99: .
A100: 2021 | B100: 8287 | C100: Hawaii Electric Light Co Inc | D100: HI | E100: NA | F100: 5 | G100: . | H100: . | I100: . | J100: 5 | K100: 0.623 | L100: . | M100: . | N100: . | O100: 0.623 | P100: 0.022 | Q100: . | R100: . | S100: . | T100: 0.022 | U100: . | V100: . | W100: . | X100: . | Y100: . | Z100: 127.47 | AA100: . | AB100: . | AC100: . | AD100: 127.47 | AE100: . | AF100: . | AG100: . | AH100: . | AI100: . | AJ100: .
...

Sheet Calculation
A1: Total MWh Demand Response | B1: =SUM('Form 861'!O:O) -> 1188725.9
A2: Total MW Actual Peak Demand Savings | B2: =SUM('Form 861'!Y:Y) -> 13146.531
A3: Hours per Year | B3: 8760
A5: Calculated Capacity Factor | B5: =B1/(B2*B3) -> 0.010322062

Sheet DRCF
A1: (dmnl) | B1: 2018 | C1: 2019 | D1: 2020 | E1: 2021 | F1: 2022 | G1: 2023 | H1: 2024 | I1: 2025 | J1: 2026 | K1: 2027 | L1: 2028 | M1: 2029 | N1: 2030 | O1: 2031 | P1: 2032 | Q1: 2033 | R1: 2034 | S1: 2035 | T1: 2036 | U1: 2037 | V1: 2038 | W1: 2039 | X1: 2040 | Y1: 2041 | Z1: 2042 | AA1: 2043 | AB1: 2044 | AC1: 2045 | AD1: 2046 | AE1: 2047 | AF1: 2048 | AG1: 2049 | AH1: 2050
A2: DR Capacity Factor | B2: =Calculation!$B$5 -> 0.010322062 | C2: =Calculation!$B$5 -> 0.010322062 | D2: =Calculation!$B$5 -> 0.010322062 | E2: =Calculation!$B$5 -> 0.010322062 | F2: =Calculation!$B$5 -> 0.010322062 | G2: =Calculation!$B$5 -> 0.010322062 | H2: =Calculation!$B$5 -> 0.010322062 | I2: =Calculation!$B$5 -> 0.010322062 | ... AH2: =Calculation!$B$5 -> 0.010322062
