Workbook

Sheet About
A1: BGCL BAU Generation Capacity Lifetime | B1: Iowa
A3: Source: | B3: All Sources
B4: Energy Information Administration
B5: 2020
B6: Capital Cost and Performance Characteristic Estimates for Utility Sceal Electric Power Generating Technologies
B7: https://www.eia.gov/analysis/studies/powerplants/capitalcost/pdf/capital_cost_AEO2020.pdf
B8: Page 157, Figure 113
A10: Notes
A11: This variable represents the lifetimes of different power plant types.
A13: We consider the lifetime of petroleum (oil) - burning plants to be the same as natural gas
A14: and coal plants.
A16: We assume lignite plants have the same lifetime as hard coal plants and that offshore plants have
A17: the same lifetime as onshore wind plants.

Sheet EIA Plant Lifetimes
A1: Plant Type | B1: Lifetime (yr)
A2: UCS Coal w/o CCUS | B2: 40
A3: Combustion Turbine | B3: 40
A4: Combined Cycle | B4: 40
A5: Advanced Nuclear | B5: 40
A6: Biomass | B6: 40
A7: Geothermal | B7: 40
A8: Hydro | B8: 50
A9: Wind (onshore) | B9: 25
A10: Wind(offshore) | B10: 25
A11: Solar Thermal | B11: 30
A12: Solar PV | B12: 30

Sheet BGCL
A1: Electricity Source | B1: Lifetime (years)
A2: hard coal | B2: ='EIA Plant Lifetimes'!B2 -> 40
A3: natural gas steam turbine | B3: ='EIA Plant Lifetimes'!B4 -> 40
A4: natural gas combined cycle | B4: ='EIA Plant Lifetimes'!B4 -> 40
A5: nuclear | B5: ='EIA Plant Lifetimes'!B5 -> 40
A6: hydro | B6: ='EIA Plant Lifetimes'!B8 -> 50
A7: onshore wind | B7: ='EIA Plant Lifetimes'!B9 -> 25
A8: solar PV | B8: ='EIA Plant Lifetimes'!B12 -> 30
A9: solar thermal | B9: ='EIA Plant Lifetimes'!B11 -> 30
A10: biomass | B10: ='EIA Plant Lifetimes'!B6 -> 40
A11: geothermal | B11: ='EIA Plant Lifetimes'!B7 -> 40
A12: petroleum | B12: =AVERAGE('EIA Plant Lifetimes'!B2:B4) -> 40
A13: natural gas peaker | B13: ='EIA Plant Lifetimes'!B3 -> 40
A14: lignite | B14: =B2 -> 40
A15: offshore wind | B15: =B7 -> 25
A16: crude oil | B16: =B12 -> 40
A17: heavy or residual fuel oil | B17: =B12 -> 40
A18: municipal solid waste | B18: =B10 -> 40
A19: hard coal w CCS | B19: =B2 -> 40
A20: natural gas combined cycle w CCS | B20: =B4 -> 40
A21: biomass w CCS | B21: =B10 -> 40
A22: lignite w CCS | B22: =B14 -> 40
A23: small modular reactor | B23: =B5 -> 40
A24: hydrogen combustion turbine | B24: =B20 -> 40
A25: hydrogen combined cycle | B25: =B4 -> 40
